fixture_id,planet,component,oracle_value,frozen_expected_value,difference,tolerance,status,mutation_id,mutation_detected
REF_001,Sun,sthana,114.49,114.49,0.0,0.03,PASS,MUT_SHADBALA_STHANA,YES
REF_001,Sun,uccha,9.49,9.49,0.0,0.03,PASS,MUT_SHADBALA_UCCHA,YES
REF_001,Sun,sapta_vargaja,60.0,60.0,0.0,0.03,PASS,MUT_SHADBALA_SAPTA_VARGAJA,YES
REF_001,Sun,ojha_yugma,15.0,15.0,0.0,0.03,PASS,MUT_SHADBALA_OJHA_YUGMA,YES
REF_001,Sun,kendradi,30.0,30.0,0.0,0.03,PASS,MUT_SHADBALA_KENDRADI,YES
REF_001,Sun,drekkana,0.0,0.0,0.0,0.03,PASS,MUT_SHADBALA_DREKKANA,YES
REF_001,Sun,dig,38.33,38.33,0.0,0.03,PASS,MUT_SHADBALA_DIG,YES
REF_001,Sun,kala,149.23,149.23,0.0,0.03,PASS,MUT_SHADBALA_KALA,YES
REF_001,Sun,cheshta,27.34,27.34,0.0,0.03,PASS,MUT_SHADBALA_CHESHTA,YES
REF_001,Sun,naisargika,60.0,60.0,0.0,0.03,PASS,MUT_SHADBALA_NAISARGIKA,YES
REF_001,Sun,drik,-0.05,-0.05,0.0,0.03,PASS,MUT_SHADBALA_DRIK,YES
REF_001,Sun,total_shashtiamsas,389.34,389.34,0.0,0.03,PASS,MUT_SHADBALA_TOTAL_SHASHTIAMSAS,YES
REF_001,Sun,total_rupas,6.49,6.49,0.0,0.03,PASS,MUT_SHADBALA_TOTAL_RUPAS,YES
REF_001,Sun,strength_percentage,129.78,129.78,0.0,0.03,PASS,MUT_SHADBALA_STRENGTH_PERCENTAGE,YES
REF_001,Moon,sthana,244.85,244.85,0.0,0.03,PASS,MUT_SHADBALA_STHANA,YES
REF_001,Moon,uccha,38.6,38.6,0.0,0.03,PASS,MUT_SHADBALA_UCCHA,YES
REF_001,Moon,sapta_vargaja,161.25,161.25,0.0,0.03,PASS,MUT_SHADBALA_SAPTA_VARGAJA,YES
REF_001,Moon,ojha_yugma,30.0,30.0,0.0,0.03,PASS,MUT_SHADBALA_OJHA_YUGMA,YES
REF_001,Moon,kendradi,15.0,15.0,0.0,0.03,PASS,MUT_SHADBALA_KENDRADI,YES
REF_001,Moon,drekkana,0.0,0.0,0.0,0.03,PASS,MUT_SHADBALA_DREKKANA,YES
REF_001,Moon,dig,43.11,43.11,0.0,0.03,PASS,MUT_SHADBALA_DIG,YES
REF_001,Moon,kala,122.96,122.96,0.0,0.03,PASS,MUT_SHADBALA_KALA,YES
REF_001,Moon,cheshta,21.45,21.45,0.0,0.03,PASS,MUT_SHADBALA_CHESHTA,YES
REF_001,Moon,naisargika,51.43,51.43,0.0,0.03,PASS,MUT_SHADBALA_NAISARGIKA,YES
REF_001,Moon,drik,-7.12,-7.12,0.0,0.03,PASS,MUT_SHADBALA_DRIK,YES
REF_001,Moon,total_shashtiamsas,476.68,476.68,0.0,0.03,PASS,MUT_SHADBALA_TOTAL_SHASHTIAMSAS,YES
REF_001,Moon,total_rupas,7.94,7.94,0.0,0.03,PASS,MUT_SHADBALA_TOTAL_RUPAS,YES
REF_001,Moon,strength_percentage,132.41,132.41,0.0,0.03,PASS,MUT_SHADBALA_STRENGTH_PERCENTAGE,YES
REF_001,Mars,sthana,171.01,171.01,0.0,0.03,PASS,MUT_SHADBALA_STHANA,YES
REF_001,Mars,uccha,51.01,51.01,0.0,0.03,PASS,MUT_SHADBALA_UCCHA,YES
REF_001,Mars,sapta_vargaja,90.0,90.0,0.0,0.03,PASS,MUT_SHADBALA_SAPTA_VARGAJA,YES
REF_001,Mars,ojha_yugma,0.0,0.0,0.0,0.03,PASS,MUT_SHADBALA_OJHA_YUGMA,YES
REF_001,Mars,kendradi,15.0,15.0,0.0,0.03,PASS,MUT_SHADBALA_KENDRADI,YES
REF_001,Mars,drekkana,15.0,15.0,0.0,0.03,PASS,MUT_SHADBALA_DREKKANA,YES
REF_001,Mars,dig,45.17,45.17,0.0,0.03,PASS,MUT_SHADBALA_DIG,YES
REF_001,Mars,kala,63.6,63.6,0.0,0.03,PASS,MUT_SHADBALA_KALA,YES
REF_001,Mars,cheshta,30.0,30.0,0.0,0.03,PASS,MUT_SHADBALA_CHESHTA,YES
REF_001,Mars,naisargika,17.14,17.14,0.0,0.03,PASS,MUT_SHADBALA_NAISARGIKA,YES
REF_001,Mars,drik,21.83,21.83,0.0,0.03,PASS,MUT_SHADBALA_DRIK,YES
REF_001,Mars,total_shashtiamsas,348.75,348.75,0.0,0.03,PASS,MUT_SHADBALA_TOTAL_SHASHTIAMSAS,YES
REF_001,Mars,total_rupas,5.81,5.81,0.0,0.03,PASS,MUT_SHADBALA_TOTAL_RUPAS,YES
REF_001,Mars,strength_percentage,116.25,116.25,0.0,0.03,PASS,MUT_SHADBALA_STRENGTH_PERCENTAGE,YES
REF_001,Mercury,sthana,216.82,216.82,0.0,0.03,PASS,MUT_SHADBALA_STHANA,YES
REF_001,Mercury,uccha,55.57,55.57,0.0,0.03,PASS,MUT_SHADBALA_UCCHA,YES
REF_001,Mercury,sapta_vargaja,131.25,131.25,0.0,0.03,PASS,MUT_SHADBALA_SAPTA_VARGAJA,YES
REF_001,Mercury,ojha_yugma,0.0,0.0,0.0,0.03,PASS,MUT_SHADBALA_OJHA_YUGMA,YES
REF_001,Mercury,kendradi,30.0,30.0,0.0,0.03,PASS,MUT_SHADBALA_KENDRADI,YES
REF_001,Mercury,drekkana,0.0,0.0,0.0,0.03,PASS,MUT_SHADBALA_DREKKANA,YES
REF_001,Mercury,dig,15.7,15.7,0.0,0.03,PASS,MUT_SHADBALA_DIG,YES
REF_001,Mercury,kala,100.49,100.49,0.0,0.03,PASS,MUT_SHADBALA_KALA,YES
REF_001,Mercury,cheshta,45.0,45.0,0.0,0.03,PASS,MUT_SHADBALA_CHESHTA,YES
REF_001,Mercury,naisargika,25.7,25.7,0.0,0.03,PASS,MUT_SHADBALA_NAISARGIKA,YES
REF_001,Mercury,drik,15.41,15.41,0.0,0.03,PASS,MUT_SHADBALA_DRIK,YES
REF_001,Mercury,total_shashtiamsas,419.12,419.12,0.0,0.03,PASS,MUT_SHADBALA_TOTAL_SHASHTIAMSAS,YES
REF_001,Mercury,total_rupas,6.99,6.99,0.0,0.03,PASS,MUT_SHADBALA_TOTAL_RUPAS,YES
REF_001,Mercury,strength_percentage,99.79,99.79,0.0,0.03,PASS,MUT_SHADBALA_STRENGTH_PERCENTAGE,YES
REF_001,Jupiter,sthana,163.84,163.84,0.0,0.03,PASS,MUT_SHADBALA_STHANA,YES
REF_001,Jupiter,uccha,15.71,15.71,0.0,0.03,PASS,MUT_SHADBALA_UCCHA,YES
REF_001,Jupiter,sapta_vargaja,58.12,58.12,0.0,0.03,PASS,MUT_SHADBALA_SAPTA_VARGAJA,YES
REF_001,Jupiter,ojha_yugma,30.0,30.0,0.0,0.03,PASS,MUT_SHADBALA_OJHA_YUGMA,YES
REF_001,Jupiter,kendradi,60.0,60.0,0.0,0.03,PASS,MUT_SHADBALA_KENDRADI,YES
REF_001,Jupiter,drekkana,0.0,0.0,0.0,0.03,PASS,MUT_SHADBALA_DREKKANA,YES
REF_001,Jupiter,dig,56.35,56.35,0.0,0.03,PASS,MUT_SHADBALA_DIG,YES
REF_001,Jupiter,kala,172.6,172.6,0.0,0.03,PASS,MUT_SHADBALA_KALA,YES
REF_001,Jupiter,cheshta,60.0,60.0,0.0,0.03,PASS,MUT_SHADBALA_CHESHTA,YES
REF_001,Jupiter,naisargika,34.28,34.28,0.0,0.03,PASS,MUT_SHADBALA_NAISARGIKA,YES
REF_001,Jupiter,drik,-5.89,-5.89,0.0,0.03,PASS,MUT_SHADBALA_DRIK,YES
REF_001,Jupiter,total_shashtiamsas,481.18,481.18,0.0,0.03,PASS,MUT_SHADBALA_TOTAL_SHASHTIAMSAS,YES
REF_001,Jupiter,total_rupas,8.02,8.02,0.0,0.03,PASS,MUT_SHADBALA_TOTAL_RUPAS,YES
REF_001,Jupiter,strength_percentage,123.38,123.38,0.0,0.03,PASS,MUT_SHADBALA_STRENGTH_PERCENTAGE,YES
REF_001,Venus,sthana,162.02,162.02,0.0,0.03,PASS,MUT_SHADBALA_STHANA,YES
REF_001,Venus,uccha,8.27,8.27,0.0,0.03,PASS,MUT_SHADBALA_UCCHA,YES
REF_001,Venus,sapta_vargaja,123.75,123.75,0.0,0.03,PASS,MUT_SHADBALA_SAPTA_VARGAJA,YES
REF_001,Venus,ojha_yugma,0.0,0.0,0.0,0.03,PASS,MUT_SHADBALA_OJHA_YUGMA,YES
REF_001,Venus,kendradi,15.0,15.0,0.0,0.03,PASS,MUT_SHADBALA_KENDRADI,YES
REF_001,Venus,drekkana,15.0,15.0,0.0,0.03,PASS,MUT_SHADBALA_DREKKANA,YES
REF_001,Venus,dig,8.24,8.24,0.0,0.03,PASS,MUT_SHADBALA_DIG,YES
REF_001,Venus,kala,68.89,68.89,0.0,0.03,PASS,MUT_SHADBALA_KALA,YES
REF_001,Venus,cheshta,15.0,15.0,0.0,0.03,PASS,MUT_SHADBALA_CHESHTA,YES
REF_001,Venus,naisargika,42.85,42.85,0.0,0.03,PASS,MUT_SHADBALA_NAISARGIKA,YES
REF_001,Venus,drik,10.87,10.87,0.0,0.03,PASS,MUT_SHADBALA_DRIK,YES
REF_001,Venus,total_shashtiamsas,307.88,307.88,0.0,0.03,PASS,MUT_SHADBALA_TOTAL_SHASHTIAMSAS,YES
REF_001,Venus,total_rupas,5.13,5.13,0.0,0.03,PASS,MUT_SHADBALA_TOTAL_RUPAS,YES
REF_001,Venus,strength_percentage,93.3,93.3,0.0,0.03,PASS,MUT_SHADBALA_STRENGTH_PERCENTAGE,YES
REF_001,Saturn,sthana,229.02,229.02,0.0,0.03,PASS,MUT_SHADBALA_STHANA,YES
REF_001,Saturn,uccha,52.77,52.77,0.0,0.03,PASS,MUT_SHADBALA_UCCHA,YES
REF_001,Saturn,sapta_vargaja,86.25,86.25,0.0,0.03,PASS,MUT_SHADBALA_SAPTA_VARGAJA,YES
REF_001,Saturn,ojha_yugma,15.0,15.0,0.0,0.03,PASS,MUT_SHADBALA_OJHA_YUGMA,YES
REF_001,Saturn,kendradi,60.0,60.0,0.0,0.03,PASS,MUT_SHADBALA_KENDRADI,YES
REF_001,Saturn,drekkana,15.0,15.0,0.0,0.03,PASS,MUT_SHADBALA_DREKKANA,YES
REF_001,Saturn,dig,29.83,29.83,0.0,0.03,PASS,MUT_SHADBALA_DIG,YES
REF_001,Saturn,kala,176.85,176.85,0.0,0.03,PASS,MUT_SHADBALA_KALA,YES
REF_001,Saturn,cheshta,45.0,45.0,0.0,0.03,PASS,MUT_SHADBALA_CHESHTA,YES
REF_001,Saturn,naisargika,8.57,8.57,0.0,0.03,PASS,MUT_SHADBALA_NAISARGIKA,YES
REF_001,Saturn,drik,10.44,10.44,0.0,0.03,PASS,MUT_SHADBALA_DRIK,YES
REF_001,Saturn,total_shashtiamsas,499.71,499.71,0.0,0.03,PASS,MUT_SHADBALA_TOTAL_SHASHTIAMSAS,YES
REF_001,Saturn,total_rupas,8.33,8.33,0.0,0.03,PASS,MUT_SHADBALA_TOTAL_RUPAS,YES
REF_001,Saturn,strength_percentage,166.57,166.57,0.0,0.03,PASS,MUT_SHADBALA_STRENGTH_PERCENTAGE,YES
REF_002,Sun,sthana,148.91,148.91,0.0,0.03,PASS,MUT_SHADBALA_STHANA,YES
REF_002,Sun,uccha,27.04,27.04,0.0,0.03,PASS,MUT_SHADBALA_UCCHA,YES
REF_002,Sun,sapta_vargaja,46.88,46.88,0.0,0.03,PASS,MUT_SHADBALA_SAPTA_VARGAJA,YES
REF_002,Sun,ojha_yugma,0.0,0.0,0.0,0.03,PASS,MUT_SHADBALA_OJHA_YUGMA,YES
REF_002,Sun,kendradi,60.0,60.0,0.0,0.03,PASS,MUT_SHADBALA_KENDRADI,YES
REF_002,Sun,drekkana,15.0,15.0,0.0,0.03,PASS,MUT_SHADBALA_DREKKANA,YES
REF_002,Sun,dig,41.0,41.0,0.0,0.03,PASS,MUT_SHADBALA_DIG,YES
REF_002,Sun,kala,75.45,75.45,0.0,0.03,PASS,MUT_SHADBALA_KALA,YES
REF_002,Sun,cheshta,3.41,3.41,0.0,0.03,PASS,MUT_SHADBALA_CHESHTA,YES
REF_002,Sun,naisargika,60.0,60.0,0.0,0.03,PASS,MUT_SHADBALA_NAISARGIKA,YES
REF_002,Sun,drik,11.71,11.71,0.0,0.03,PASS,MUT_SHADBALA_DRIK,YES
REF_002,Sun,total_shashtiamsas,340.48,340.48,0.0,0.03,PASS,MUT_SHADBALA_TOTAL_SHASHTIAMSAS,YES
REF_002,Sun,total_rupas,5.67,5.67,0.0,0.03,PASS,MUT_SHADBALA_TOTAL_RUPAS,YES
REF_002,Sun,strength_percentage,113.49,113.49,0.0,0.03,PASS,MUT_SHADBALA_STRENGTH_PERCENTAGE,YES
REF_002,Moon,sthana,167.09,167.09,0.0,0.03,PASS,MUT_SHADBALA_STHANA,YES
REF_002,Moon,uccha,24.59,24.59,0.0,0.03,PASS,MUT_SHADBALA_UCCHA,YES
REF_002,Moon,sapta_vargaja,97.5,97.5,0.0,0.03,PASS,MUT_SHADBALA_SAPTA_VARGAJA,YES
REF_002,Moon,ojha_yugma,15.0,15.0,0.0,0.03,PASS,MUT_SHADBALA_OJHA_YUGMA,YES
REF_002,Moon,kendradi,30.0,30.0,0.0,0.03,PASS,MUT_SHADBALA_KENDRADI,YES
REF_002,Moon,drekkana,0.0,0.0,0.0,0.03,PASS,MUT_SHADBALA_DREKKANA,YES
REF_002,Moon,dig,24.97,24.97,0.0,0.03,PASS,MUT_SHADBALA_DIG,YES
REF_002,Moon,kala,129.36,129.36,0.0,0.03,PASS,MUT_SHADBALA_KALA,YES
REF_002,Moon,cheshta,43.97,43.97,0.0,0.03,PASS,MUT_SHADBALA_CHESHTA,YES
REF_002,Moon,naisargika,51.43,51.43,0.0,0.03,PASS,MUT_SHADBALA_NAISARGIKA,YES
REF_002,Moon,drik,1.56,1.56,0.0,0.03,PASS,MUT_SHADBALA_DRIK,YES
REF_002,Moon,total_shashtiamsas,418.38,418.38,0.0,0.03,PASS,MUT_SHADBALA_TOTAL_SHASHTIAMSAS,YES
REF_002,Moon,total_rupas,6.97,6.97,0.0,0.03,PASS,MUT_SHADBALA_TOTAL_RUPAS,YES
REF_002,Moon,strength_percentage,116.22,116.22,0.0,0.03,PASS,MUT_SHADBALA_STRENGTH_PERCENTAGE,YES
REF_002,Mars,sthana,241.85,241.85,0.0,0.03,PASS,MUT_SHADBALA_STHANA,YES
REF_002,Mars,uccha,39.35,39.35,0.0,0.03,PASS,MUT_SHADBALA_UCCHA,YES
REF_002,Mars,sapta_vargaja,157.5,157.5,0.0,0.03,PASS,MUT_SHADBALA_SAPTA_VARGAJA,YES
REF_002,Mars,ojha_yugma,15.0,15.0,0.0,0.03,PASS,MUT_SHADBALA_OJHA_YUGMA,YES
REF_002,Mars,kendradi,30.0,30.0,0.0,0.03,PASS,MUT_SHADBALA_KENDRADI,YES
REF_002,Mars,drekkana,0.0,0.0,0.0,0.03,PASS,MUT_SHADBALA_DREKKANA,YES
REF_002,Mars,dig,52.69,52.69,0.0,0.03,PASS,MUT_SHADBALA_DIG,YES
REF_002,Mars,kala,36.2,36.2,0.0,0.03,PASS,MUT_SHADBALA_KALA,YES
REF_002,Mars,cheshta,45.0,45.0,0.0,0.03,PASS,MUT_SHADBALA_CHESHTA,YES
REF_002,Mars,naisargika,17.14,17.14,0.0,0.03,PASS,MUT_SHADBALA_NAISARGIKA,YES
REF_002,Mars,drik,16.8,16.8,0.0,0.03,PASS,MUT_SHADBALA_DRIK,YES
REF_002,Mars,total_shashtiamsas,409.68,409.68,0.0,0.03,PASS,MUT_SHADBALA_TOTAL_SHASHTIAMSAS,YES
REF_002,Mars,total_rupas,6.83,6.83,0.0,0.03,PASS,MUT_SHADBALA_TOTAL_RUPAS,YES
REF_002,Mars,strength_percentage,136.56,136.56,0.0,0.03,PASS,MUT_SHADBALA_STRENGTH_PERCENTAGE,YES
REF_002,Mercury,sthana,171.48,171.48,0.0,0.03,PASS,MUT_SHADBALA_STHANA,YES
REF_002,Mercury,uccha,28.98,28.98,0.0,0.03,PASS,MUT_SHADBALA_UCCHA,YES
REF_002,Mercury,sapta_vargaja,97.5,97.5,0.0,0.03,PASS,MUT_SHADBALA_SAPTA_VARGAJA,YES
REF_002,Mercury,ojha_yugma,15.0,15.0,0.0,0.03,PASS,MUT_SHADBALA_OJHA_YUGMA,YES
REF_002,Mercury,kendradi,15.0,15.0,0.0,0.03,PASS,MUT_SHADBALA_KENDRADI,YES
REF_002,Mercury,drekkana,15.0,15.0,0.0,0.03,PASS,MUT_SHADBALA_DREKKANA,YES
REF_002,Mercury,dig,47.07,47.07,0.0,0.03,PASS,MUT_SHADBALA_DIG,YES
REF_002,Mercury,kala,135.28,135.28,0.0,0.03,PASS,MUT_SHADBALA_KALA,YES
REF_002,Mercury,cheshta,60.0,60.0,0.0,0.03,PASS,MUT_SHADBALA_CHESHTA,YES
REF_002,Mercury,naisargika,25.7,25.7,0.0,0.03,PASS,MUT_SHADBALA_NAISARGIKA,YES
REF_002,Mercury,drik,14.41,14.41,0.0,0.03,PASS,MUT_SHADBALA_DRIK,YES
REF_002,Mercury,total_shashtiamsas,453.94,453.94,0.0,0.03,PASS,MUT_SHADBALA_TOTAL_SHASHTIAMSAS,YES
REF_002,Mercury,total_rupas,7.57,7.57,0.0,0.03,PASS,MUT_SHADBALA_TOTAL_RUPAS,YES
REF_002,Mercury,strength_percentage,108.08,108.08,0.0,0.03,PASS,MUT_SHADBALA_STRENGTH_PERCENTAGE,YES
REF_002,Jupiter,sthana,165.99,165.99,0.0,0.03,PASS,MUT_SHADBALA_STHANA,YES
REF_002,Jupiter,uccha,51.61,51.61,0.0,0.03,PASS,MUT_SHADBALA_UCCHA,YES
REF_002,Jupiter,sapta_vargaja,54.38,54.38,0.0,0.03,PASS,MUT_SHADBALA_SAPTA_VARGAJA,YES
REF_002,Jupiter,ojha_yugma,30.0,30.0,0.0,0.03,PASS,MUT_SHADBALA_OJHA_YUGMA,YES
REF_002,Jupiter,kendradi,15.0,15.0,0.0,0.03,PASS,MUT_SHADBALA_KENDRADI,YES
REF_002,Jupiter,drekkana,15.0,15.0,0.0,0.03,PASS,MUT_SHADBALA_DREKKANA,YES
REF_002,Jupiter,dig,15.67,15.67,0.0,0.03,PASS,MUT_SHADBALA_DIG,YES
REF_002,Jupiter,kala,264.21,264.21,0.0,0.03,PASS,MUT_SHADBALA_KALA,YES
REF_002,Jupiter,cheshta,60.0,60.0,0.0,0.03,PASS,MUT_SHADBALA_CHESHTA,YES
REF_002,Jupiter,naisargika,34.28,34.28,0.0,0.03,PASS,MUT_SHADBALA_NAISARGIKA,YES
REF_002,Jupiter,drik,-12.39,-12.39,0.0,0.03,PASS,MUT_SHADBALA_DRIK,YES
REF_002,Jupiter,total_shashtiamsas,527.76,527.76,0.0,0.03,PASS,MUT_SHADBALA_TOTAL_SHASHTIAMSAS,YES
REF_002,Jupiter,total_rupas,8.8,8.8,0.0,0.03,PASS,MUT_SHADBALA_TOTAL_RUPAS,YES
REF_002,Jupiter,strength_percentage,135.32,135.32,0.0,0.03,PASS,MUT_SHADBALA_STRENGTH_PERCENTAGE,YES
REF_002,Venus,sthana,202.19,202.19,0.0,0.03,PASS,MUT_SHADBALA_STHANA,YES
REF_002,Venus,uccha,33.44,33.44,0.0,0.03,PASS,MUT_SHADBALA_UCCHA,YES
REF_002,Venus,sapta_vargaja,78.75,78.75,0.0,0.03,PASS,MUT_SHADBALA_SAPTA_VARGAJA,YES
REF_002,Venus,ojha_yugma,30.0,30.0,0.0,0.03,PASS,MUT_SHADBALA_OJHA_YUGMA,YES
REF_002,Venus,kendradi,60.0,60.0,0.0,0.03,PASS,MUT_SHADBALA_KENDRADI,YES
REF_002,Venus,drekkana,0.0,0.0,0.0,0.03,PASS,MUT_SHADBALA_DREKKANA,YES
REF_002,Venus,dig,21.07,21.07,0.0,0.03,PASS,MUT_SHADBALA_DIG,YES
REF_002,Venus,kala,149.87,149.87,0.0,0.03,PASS,MUT_SHADBALA_KALA,YES
REF_002,Venus,cheshta,60.0,60.0,0.0,0.03,PASS,MUT_SHADBALA_CHESHTA,YES
REF_002,Venus,naisargika,42.85,42.85,0.0,0.03,PASS,MUT_SHADBALA_NAISARGIKA,YES
REF_002,Venus,drik,10.15,10.15,0.0,0.03,PASS,MUT_SHADBALA_DRIK,YES
REF_002,Venus,total_shashtiamsas,486.14,486.14,0.0,0.03,PASS,MUT_SHADBALA_TOTAL_SHASHTIAMSAS,YES
REF_002,Venus,total_rupas,8.1,8.1,0.0,0.03,PASS,MUT_SHADBALA_TOTAL_RUPAS,YES
REF_002,Venus,strength_percentage,147.31,147.31,0.0,0.03,PASS,MUT_SHADBALA_STRENGTH_PERCENTAGE,YES
REF_002,Saturn,sthana,126.89,126.89,0.0,0.03,PASS,MUT_SHADBALA_STHANA,YES
REF_002,Saturn,uccha,38.77,38.77,0.0,0.03,PASS,MUT_SHADBALA_UCCHA,YES
REF_002,Saturn,sapta_vargaja,58.12,58.12,0.0,0.03,PASS,MUT_SHADBALA_SAPTA_VARGAJA,YES
REF_002,Saturn,ojha_yugma,15.0,15.0,0.0,0.03,PASS,MUT_SHADBALA_OJHA_YUGMA,YES
REF_002,Saturn,kendradi,15.0,15.0,0.0,0.03,PASS,MUT_SHADBALA_KENDRADI,YES
REF_002,Saturn,drekkana,0.0,0.0,0.0,0.03,PASS,MUT_SHADBALA_DREKKANA,YES
REF_002,Saturn,dig,11.05,11.05,0.0,0.03,PASS,MUT_SHADBALA_DIG,YES
REF_002,Saturn,kala,92.99,92.99,0.0,0.03,PASS,MUT_SHADBALA_KALA,YES
REF_002,Saturn,cheshta,45.0,45.0,0.0,0.03,PASS,MUT_SHADBALA_CHESHTA,YES
REF_002,Saturn,naisargika,8.57,8.57,0.0,0.03,PASS,MUT_SHADBALA_NAISARGIKA,YES
REF_002,Saturn,drik,13.27,13.27,0.0,0.03,PASS,MUT_SHADBALA_DRIK,YES
REF_002,Saturn,total_shashtiamsas,297.77,297.77,0.0,0.03,PASS,MUT_SHADBALA_TOTAL_SHASHTIAMSAS,YES
REF_002,Saturn,total_rupas,4.96,4.96,0.0,0.03,PASS,MUT_SHADBALA_TOTAL_RUPAS,YES
REF_002,Saturn,strength_percentage,99.26,99.26,0.0,0.03,PASS,MUT_SHADBALA_STRENGTH_PERCENTAGE,YES
REF_003,Sun,sthana,226.2,226.2,0.0,0.03,PASS,MUT_SHADBALA_STHANA,YES
REF_003,Sun,uccha,31.2,31.2,0.0,0.03,PASS,MUT_SHADBALA_UCCHA,YES
REF_003,Sun,sapta_vargaja,135.0,135.0,0.0,0.03,PASS,MUT_SHADBALA_SAPTA_VARGAJA,YES
REF_003,Sun,ojha_yugma,15.0,15.0,0.0,0.03,PASS,MUT_SHADBALA_OJHA_YUGMA,YES
REF_003,Sun,kendradi,30.0,30.0,0.0,0.03,PASS,MUT_SHADBALA_KENDRADI,YES
REF_003,Sun,drekkana,15.0,15.0,0.0,0.03,PASS,MUT_SHADBALA_DREKKANA,YES
REF_003,Sun,dig,30.5,30.5,0.0,0.03,PASS,MUT_SHADBALA_DIG,YES
REF_003,Sun,kala,125.69,125.69,0.0,0.03,PASS,MUT_SHADBALA_KALA,YES
REF_003,Sun,cheshta,55.36,55.36,0.0,0.03,PASS,MUT_SHADBALA_CHESHTA,YES
REF_003,Sun,naisargika,60.0,60.0,0.0,0.03,PASS,MUT_SHADBALA_NAISARGIKA,YES
REF_003,Sun,drik,3.19,3.19,0.0,0.03,PASS,MUT_SHADBALA_DRIK,YES
REF_003,Sun,total_shashtiamsas,500.93,500.93,0.0,0.03,PASS,MUT_SHADBALA_TOTAL_SHASHTIAMSAS,YES
REF_003,Sun,total_rupas,8.35,8.35,0.0,0.03,PASS,MUT_SHADBALA_TOTAL_RUPAS,YES
REF_003,Sun,strength_percentage,166.98,166.98,0.0,0.03,PASS,MUT_SHADBALA_STRENGTH_PERCENTAGE,YES
REF_003,Moon,sthana,239.95,239.95,0.0,0.03,PASS,MUT_SHADBALA_STHANA,YES
REF_003,Moon,uccha,18.7,18.7,0.0,0.03,PASS,MUT_SHADBALA_UCCHA,YES
REF_003,Moon,sapta_vargaja,131.25,131.25,0.0,0.03,PASS,MUT_SHADBALA_SAPTA_VARGAJA,YES
REF_003,Moon,ojha_yugma,30.0,30.0,0.0,0.03,PASS,MUT_SHADBALA_OJHA_YUGMA,YES
REF_003,Moon,kendradi,60.0,60.0,0.0,0.03,PASS,MUT_SHADBALA_KENDRADI,YES
REF_003,Moon,drekkana,0.0,0.0,0.0,0.03,PASS,MUT_SHADBALA_DREKKANA,YES
REF_003,Moon,dig,9.34,9.34,0.0,0.03,PASS,MUT_SHADBALA_DIG,YES
REF_003,Moon,kala,154.95,154.95,0.0,0.03,PASS,MUT_SHADBALA_KALA,YES
REF_003,Moon,cheshta,20.17,20.17,0.0,0.03,PASS,MUT_SHADBALA_CHESHTA,YES
REF_003,Moon,naisargika,51.43,51.43,0.0,0.03,PASS,MUT_SHADBALA_NAISARGIKA,YES
REF_003,Moon,drik,8.45,8.45,0.0,0.03,PASS,MUT_SHADBALA_DRIK,YES
REF_003,Moon,total_shashtiamsas,484.28,484.28,0.0,0.03,PASS,MUT_SHADBALA_TOTAL_SHASHTIAMSAS,YES
REF_003,Moon,total_rupas,8.07,8.07,0.0,0.03,PASS,MUT_SHADBALA_TOTAL_RUPAS,YES
REF_003,Moon,strength_percentage,134.52,134.52,0.0,0.03,PASS,MUT_SHADBALA_STRENGTH_PERCENTAGE,YES
REF_003,Mars,sthana,180.17,180.17,0.0,0.03,PASS,MUT_SHADBALA_STHANA,YES
REF_003,Mars,uccha,7.67,7.67,0.0,0.03,PASS,MUT_SHADBALA_UCCHA,YES
REF_003,Mars,sapta_vargaja,112.5,112.5,0.0,0.03,PASS,MUT_SHADBALA_SAPTA_VARGAJA,YES
REF_003,Mars,ojha_yugma,15.0,15.0,0.0,0.03,PASS,MUT_SHADBALA_OJHA_YUGMA,YES
REF_003,Mars,kendradi,30.0,30.0,0.0,0.03,PASS,MUT_SHADBALA_KENDRADI,YES
REF_003,Mars,drekkana,15.0,15.0,0.0,0.03,PASS,MUT_SHADBALA_DREKKANA,YES
REF_003,Mars,dig,30.02,30.02,0.0,0.03,PASS,MUT_SHADBALA_DIG,YES
REF_003,Mars,kala,125.06,125.06,0.0,0.03,PASS,MUT_SHADBALA_KALA,YES
REF_003,Mars,cheshta,45.0,45.0,0.0,0.03,PASS,MUT_SHADBALA_CHESHTA,YES
REF_003,Mars,naisargika,17.14,17.14,0.0,0.03,PASS,MUT_SHADBALA_NAISARGIKA,YES
REF_003,Mars,drik,2.3,2.3,0.0,0.03,PASS,MUT_SHADBALA_DRIK,YES
REF_003,Mars,total_shashtiamsas,399.7,399.7,0.0,0.03,PASS,MUT_SHADBALA_TOTAL_SHASHTIAMSAS,YES
REF_003,Mars,total_rupas,6.66,6.66,0.0,0.03,PASS,MUT_SHADBALA_TOTAL_RUPAS,YES
REF_003,Mars,strength_percentage,133.23,133.23,0.0,0.03,PASS,MUT_SHADBALA_STRENGTH_PERCENTAGE,YES
REF_003,Mercury,sthana,232.74,232.74,0.0,0.03,PASS,MUT_SHADBALA_STHANA,YES
REF_003,Mercury,uccha,45.24,45.24,0.0,0.03,PASS,MUT_SHADBALA_UCCHA,YES
REF_003,Mercury,sapta_vargaja,142.5,142.5,0.0,0.03,PASS,MUT_SHADBALA_SAPTA_VARGAJA,YES
REF_003,Mercury,ojha_yugma,30.0,30.0,0.0,0.03,PASS,MUT_SHADBALA_OJHA_YUGMA,YES
REF_003,Mercury,kendradi,15.0,15.0,0.0,0.03,PASS,MUT_SHADBALA_KENDRADI,YES
REF_003,Mercury,drekkana,0.0,0.0,0.0,0.03,PASS,MUT_SHADBALA_DREKKANA,YES
REF_003,Mercury,dig,20.05,20.05,0.0,0.03,PASS,MUT_SHADBALA_DIG,YES
REF_003,Mercury,kala,127.23,127.23,0.0,0.03,PASS,MUT_SHADBALA_KALA,YES
REF_003,Mercury,cheshta,15.0,15.0,0.0,0.03,PASS,MUT_SHADBALA_CHESHTA,YES
REF_003,Mercury,naisargika,25.7,25.7,0.0,0.03,PASS,MUT_SHADBALA_NAISARGIKA,YES
REF_003,Mercury,drik,4.32,4.32,0.0,0.03,PASS,MUT_SHADBALA_DRIK,YES
REF_003,Mercury,total_shashtiamsas,425.04,425.04,0.0,0.03,PASS,MUT_SHADBALA_TOTAL_SHASHTIAMSAS,YES
REF_003,Mercury,total_rupas,7.08,7.08,0.0,0.03,PASS,MUT_SHADBALA_TOTAL_RUPAS,YES
REF_003,Mercury,strength_percentage,101.2,101.2,0.0,0.03,PASS,MUT_SHADBALA_STRENGTH_PERCENTAGE,YES
REF_003,Jupiter,sthana,91.32,91.32,0.0,0.03,PASS,MUT_SHADBALA_STHANA,YES
REF_003,Jupiter,uccha,5.07,5.07,0.0,0.03,PASS,MUT_SHADBALA_UCCHA,YES
REF_003,Jupiter,sapta_vargaja,56.25,56.25,0.0,0.03,PASS,MUT_SHADBALA_SAPTA_VARGAJA,YES
REF_003,Jupiter,ojha_yugma,0.0,0.0,0.0,0.03,PASS,MUT_SHADBALA_OJHA_YUGMA,YES
REF_003,Jupiter,kendradi,30.0,30.0,0.0,0.03,PASS,MUT_SHADBALA_KENDRADI,YES
REF_003,Jupiter,drekkana,0.0,0.0,0.0,0.03,PASS,MUT_SHADBALA_DREKKANA,YES
REF_003,Jupiter,dig,43.46,43.46,0.0,0.03,PASS,MUT_SHADBALA_DIG,YES
REF_003,Jupiter,kala,119.53,119.53,0.0,0.03,PASS,MUT_SHADBALA_KALA,YES
REF_003,Jupiter,cheshta,60.0,60.0,0.0,0.03,PASS,MUT_SHADBALA_CHESHTA,YES
REF_003,Jupiter,naisargika,34.28,34.28,0.0,0.03,PASS,MUT_SHADBALA_NAISARGIKA,YES
REF_003,Jupiter,drik,-23.59,-23.59,0.0,0.03,PASS,MUT_SHADBALA_DRIK,YES
REF_003,Jupiter,total_shashtiamsas,325.0,325.0,0.0,0.03,PASS,MUT_SHADBALA_TOTAL_SHASHTIAMSAS,YES
REF_003,Jupiter,total_rupas,5.42,5.42,0.0,0.03,PASS,MUT_SHADBALA_TOTAL_RUPAS,YES
REF_003,Jupiter,strength_percentage,83.33,83.33,0.0,0.03,PASS,MUT_SHADBALA_STRENGTH_PERCENTAGE,YES
REF_003,Venus,sthana,168.32,168.32,0.0,0.03,PASS,MUT_SHADBALA_STHANA,YES
REF_003,Venus,uccha,40.82,40.82,0.0,0.03,PASS,MUT_SHADBALA_UCCHA,YES
REF_003,Venus,sapta_vargaja,82.5,82.5,0.0,0.03,PASS,MUT_SHADBALA_SAPTA_VARGAJA,YES
REF_003,Venus,ojha_yugma,15.0,15.0,0.0,0.03,PASS,MUT_SHADBALA_OJHA_YUGMA,YES
REF_003,Venus,kendradi,15.0,15.0,0.0,0.03,PASS,MUT_SHADBALA_KENDRADI,YES
REF_003,Venus,drekkana,15.0,15.0,0.0,0.03,PASS,MUT_SHADBALA_DREKKANA,YES
REF_003,Venus,dig,43.46,43.46,0.0,0.03,PASS,MUT_SHADBALA_DIG,YES
REF_003,Venus,kala,169.34,169.34,0.0,0.03,PASS,MUT_SHADBALA_KALA,YES
REF_003,Venus,cheshta,30.0,30.0,0.0,0.03,PASS,MUT_SHADBALA_CHESHTA,YES
REF_003,Venus,naisargika,42.85,42.85,0.0,0.03,PASS,MUT_SHADBALA_NAISARGIKA,YES
REF_003,Venus,drik,1.88,1.88,0.0,0.03,PASS,MUT_SHADBALA_DRIK,YES
REF_003,Venus,total_shashtiamsas,455.86,455.86,0.0,0.03,PASS,MUT_SHADBALA_TOTAL_SHASHTIAMSAS,YES
REF_003,Venus,total_rupas,7.6,7.6,0.0,0.03,PASS,MUT_SHADBALA_TOTAL_RUPAS,YES
REF_003,Venus,strength_percentage,138.14,138.14,0.0,0.03,PASS,MUT_SHADBALA_STRENGTH_PERCENTAGE,YES
REF_003,Saturn,sthana,214.82,214.82,0.0,0.03,PASS,MUT_SHADBALA_STHANA,YES
REF_003,Saturn,uccha,57.32,57.32,0.0,0.03,PASS,MUT_SHADBALA_UCCHA,YES
REF_003,Saturn,sapta_vargaja,97.5,97.5,0.0,0.03,PASS,MUT_SHADBALA_SAPTA_VARGAJA,YES
REF_003,Saturn,ojha_yugma,30.0,30.0,0.0,0.03,PASS,MUT_SHADBALA_OJHA_YUGMA,YES
REF_003,Saturn,kendradi,30.0,30.0,0.0,0.03,PASS,MUT_SHADBALA_KENDRADI,YES
REF_003,Saturn,drekkana,0.0,0.0,0.0,0.03,PASS,MUT_SHADBALA_DREKKANA,YES
REF_003,Saturn,dig,10.85,10.85,0.0,0.03,PASS,MUT_SHADBALA_DIG,YES
REF_003,Saturn,kala,197.33,197.33,0.0,0.03,PASS,MUT_SHADBALA_KALA,YES
REF_003,Saturn,cheshta,60.0,60.0,0.0,0.03,PASS,MUT_SHADBALA_CHESHTA,YES
REF_003,Saturn,naisargika,8.57,8.57,0.0,0.03,PASS,MUT_SHADBALA_NAISARGIKA,YES
REF_003,Saturn,drik,8.24,8.24,0.0,0.03,PASS,MUT_SHADBALA_DRIK,YES
REF_003,Saturn,total_shashtiamsas,499.82,499.82,0.0,0.03,PASS,MUT_SHADBALA_TOTAL_SHASHTIAMSAS,YES
REF_003,Saturn,total_rupas,8.33,8.33,0.0,0.03,PASS,MUT_SHADBALA_TOTAL_RUPAS,YES
REF_003,Saturn,strength_percentage,166.61,166.61,0.0,0.03,PASS,MUT_SHADBALA_STRENGTH_PERCENTAGE,YES
REF_004,Sun,sthana,172.24,172.24,0.0,0.03,PASS,MUT_SHADBALA_STHANA,YES
REF_004,Sun,uccha,22.24,22.24,0.0,0.03,PASS,MUT_SHADBALA_UCCHA,YES
REF_004,Sun,sapta_vargaja,75.0,75.0,0.0,0.03,PASS,MUT_SHADBALA_SAPTA_VARGAJA,YES
REF_004,Sun,ojha_yugma,15.0,15.0,0.0,0.03,PASS,MUT_SHADBALA_OJHA_YUGMA,YES
REF_004,Sun,kendradi,60.0,60.0,0.0,0.03,PASS,MUT_SHADBALA_KENDRADI,YES
REF_004,Sun,drekkana,0.0,0.0,0.0,0.03,PASS,MUT_SHADBALA_DREKKANA,YES
REF_004,Sun,dig,59.96,59.96,0.0,0.03,PASS,MUT_SHADBALA_DIG,YES
REF_004,Sun,kala,177.9,177.9,0.0,0.03,PASS,MUT_SHADBALA_KALA,YES
REF_004,Sun,cheshta,1.2,1.2,0.0,0.03,PASS,MUT_SHADBALA_CHESHTA,YES
REF_004,Sun,naisargika,60.0,60.0,0.0,0.03,PASS,MUT_SHADBALA_NAISARGIKA,YES
REF_004,Sun,drik,9.8,9.8,0.0,0.03,PASS,MUT_SHADBALA_DRIK,YES
REF_004,Sun,total_shashtiamsas,481.1,481.1,0.0,0.03,PASS,MUT_SHADBALA_TOTAL_SHASHTIAMSAS,YES
REF_004,Sun,total_rupas,8.02,8.02,0.0,0.03,PASS,MUT_SHADBALA_TOTAL_RUPAS,YES
REF_004,Sun,strength_percentage,160.37,160.37,0.0,0.03,PASS,MUT_SHADBALA_STRENGTH_PERCENTAGE,YES
REF_004,Moon,sthana,168.67,168.67,0.0,0.03,PASS,MUT_SHADBALA_STHANA,YES
REF_004,Moon,uccha,3.67,3.67,0.0,0.03,PASS,MUT_SHADBALA_UCCHA,YES
REF_004,Moon,sapta_vargaja,120.0,120.0,0.0,0.03,PASS,MUT_SHADBALA_SAPTA_VARGAJA,YES
REF_004,Moon,ojha_yugma,0.0,0.0,0.0,0.03,PASS,MUT_SHADBALA_OJHA_YUGMA,YES
REF_004,Moon,kendradi,30.0,30.0,0.0,0.03,PASS,MUT_SHADBALA_KENDRADI,YES
REF_004,Moon,drekkana,15.0,15.0,0.0,0.03,PASS,MUT_SHADBALA_DREKKANA,YES
REF_004,Moon,dig,18.3,18.3,0.0,0.03,PASS,MUT_SHADBALA_DIG,YES
REF_004,Moon,kala,159.31,159.31,0.0,0.03,PASS,MUT_SHADBALA_KALA,YES
REF_004,Moon,cheshta,18.25,18.25,0.0,0.03,PASS,MUT_SHADBALA_CHESHTA,YES
REF_004,Moon,naisargika,51.43,51.43,0.0,0.03,PASS,MUT_SHADBALA_NAISARGIKA,YES
REF_004,Moon,drik,-7.18,-7.18,0.0,0.03,PASS,MUT_SHADBALA_DRIK,YES
REF_004,Moon,total_shashtiamsas,408.78,408.78,0.0,0.03,PASS,MUT_SHADBALA_TOTAL_SHASHTIAMSAS,YES
REF_004,Moon,total_rupas,6.81,6.81,0.0,0.03,PASS,MUT_SHADBALA_TOTAL_RUPAS,YES
REF_004,Moon,strength_percentage,113.55,113.55,0.0,0.03,PASS,MUT_SHADBALA_STRENGTH_PERCENTAGE,YES
REF_004,Mars,sthana,252.91,252.91,0.0,0.03,PASS,MUT_SHADBALA_STHANA,YES
REF_004,Mars,uccha,57.91,57.91,0.0,0.03,PASS,MUT_SHADBALA_UCCHA,YES
REF_004,Mars,sapta_vargaja,150.0,150.0,0.0,0.03,PASS,MUT_SHADBALA_SAPTA_VARGAJA,YES
REF_004,Mars,ojha_yugma,15.0,15.0,0.0,0.03,PASS,MUT_SHADBALA_OJHA_YUGMA,YES
REF_004,Mars,kendradi,15.0,15.0,0.0,0.03,PASS,MUT_SHADBALA_KENDRADI,YES
REF_004,Mars,drekkana,15.0,15.0,0.0,0.03,PASS,MUT_SHADBALA_DREKKANA,YES
REF_004,Mars,dig,44.2,44.2,0.0,0.03,PASS,MUT_SHADBALA_DIG,YES
REF_004,Mars,kala,56.32,56.32,0.0,0.03,PASS,MUT_SHADBALA_KALA,YES
REF_004,Mars,cheshta,45.0,45.0,0.0,0.03,PASS,MUT_SHADBALA_CHESHTA,YES
REF_004,Mars,naisargika,17.14,17.14,0.0,0.03,PASS,MUT_SHADBALA_NAISARGIKA,YES
REF_004,Mars,drik,5.23,5.23,0.0,0.03,PASS,MUT_SHADBALA_DRIK,YES
REF_004,Mars,total_shashtiamsas,420.79,420.79,0.0,0.03,PASS,MUT_SHADBALA_TOTAL_SHASHTIAMSAS,YES
REF_004,Mars,total_rupas,7.01,7.01,0.0,0.03,PASS,MUT_SHADBALA_TOTAL_RUPAS,YES
REF_004,Mars,strength_percentage,140.26,140.26,0.0,0.03,PASS,MUT_SHADBALA_STRENGTH_PERCENTAGE,YES
REF_004,Mercury,sthana,178.46,178.46,0.0,0.03,PASS,MUT_SHADBALA_STHANA,YES
REF_004,Mercury,uccha,32.21,32.21,0.0,0.03,PASS,MUT_SHADBALA_UCCHA,YES
REF_004,Mercury,sapta_vargaja,56.25,56.25,0.0,0.03,PASS,MUT_SHADBALA_SAPTA_VARGAJA,YES
REF_004,Mercury,ojha_yugma,30.0,30.0,0.0,0.03,PASS,MUT_SHADBALA_OJHA_YUGMA,YES
REF_004,Mercury,kendradi,60.0,60.0,0.0,0.03,PASS,MUT_SHADBALA_KENDRADI,YES
REF_004,Mercury,drekkana,0.0,0.0,0.0,0.03,PASS,MUT_SHADBALA_DREKKANA,YES
REF_004,Mercury,dig,24.08,24.08,0.0,0.03,PASS,MUT_SHADBALA_DIG,YES
REF_004,Mercury,kala,78.97,78.97,0.0,0.03,PASS,MUT_SHADBALA_KALA,YES
REF_004,Mercury,cheshta,45.0,45.0,0.0,0.03,PASS,MUT_SHADBALA_CHESHTA,YES
REF_004,Mercury,naisargika,25.7,25.7,0.0,0.03,PASS,MUT_SHADBALA_NAISARGIKA,YES
REF_004,Mercury,drik,7.71,7.71,0.0,0.03,PASS,MUT_SHADBALA_DRIK,YES
REF_004,Mercury,total_shashtiamsas,359.92,359.92,0.0,0.03,PASS,MUT_SHADBALA_TOTAL_SHASHTIAMSAS,YES
REF_004,Mercury,total_rupas,6.0,6.0,0.0,0.03,PASS,MUT_SHADBALA_TOTAL_RUPAS,YES
REF_004,Mercury,strength_percentage,85.7,85.7,0.0,0.03,PASS,MUT_SHADBALA_STRENGTH_PERCENTAGE,YES
REF_004,Jupiter,sthana,246.3,246.3,0.0,0.03,PASS,MUT_SHADBALA_STHANA,YES
REF_004,Jupiter,uccha,28.8,28.8,0.0,0.03,PASS,MUT_SHADBALA_UCCHA,YES
REF_004,Jupiter,sapta_vargaja,142.5,142.5,0.0,0.03,PASS,MUT_SHADBALA_SAPTA_VARGAJA,YES
REF_004,Jupiter,ojha_yugma,30.0,30.0,0.0,0.03,PASS,MUT_SHADBALA_OJHA_YUGMA,YES
REF_004,Jupiter,kendradi,30.0,30.0,0.0,0.03,PASS,MUT_SHADBALA_KENDRADI,YES
REF_004,Jupiter,drekkana,15.0,15.0,0.0,0.03,PASS,MUT_SHADBALA_DREKKANA,YES
REF_004,Jupiter,dig,58.23,58.23,0.0,0.03,PASS,MUT_SHADBALA_DIG,YES
REF_004,Jupiter,kala,180.71,180.71,0.0,0.03,PASS,MUT_SHADBALA_KALA,YES
REF_004,Jupiter,cheshta,15.0,15.0,0.0,0.03,PASS,MUT_SHADBALA_CHESHTA,YES
REF_004,Jupiter,naisargika,34.28,34.28,0.0,0.03,PASS,MUT_SHADBALA_NAISARGIKA,YES
REF_004,Jupiter,drik,-1.81,-1.81,0.0,0.03,PASS,MUT_SHADBALA_DRIK,YES
REF_004,Jupiter,total_shashtiamsas,532.72,532.72,0.0,0.03,PASS,MUT_SHADBALA_TOTAL_SHASHTIAMSAS,YES
REF_004,Jupiter,total_rupas,8.88,8.88,0.0,0.03,PASS,MUT_SHADBALA_TOTAL_RUPAS,YES
REF_004,Jupiter,strength_percentage,136.59,136.59,0.0,0.03,PASS,MUT_SHADBALA_STRENGTH_PERCENTAGE,YES
REF_004,Venus,sthana,171.16,171.16,0.0,0.03,PASS,MUT_SHADBALA_STHANA,YES
REF_004,Venus,uccha,13.66,13.66,0.0,0.03,PASS,MUT_SHADBALA_UCCHA,YES
REF_004,Venus,sapta_vargaja,112.5,112.5,0.0,0.03,PASS,MUT_SHADBALA_SAPTA_VARGAJA,YES
REF_004,Venus,ojha_yugma,30.0,30.0,0.0,0.03,PASS,MUT_SHADBALA_OJHA_YUGMA,YES
REF_004,Venus,kendradi,15.0,15.0,0.0,0.03,PASS,MUT_SHADBALA_KENDRADI,YES
REF_004,Venus,drekkana,0.0,0.0,0.0,0.03,PASS,MUT_SHADBALA_DREKKANA,YES
REF_004,Venus,dig,12.97,12.97,0.0,0.03,PASS,MUT_SHADBALA_DIG,YES
REF_004,Venus,kala,82.38,82.38,0.0,0.03,PASS,MUT_SHADBALA_KALA,YES
REF_004,Venus,cheshta,30.0,30.0,0.0,0.03,PASS,MUT_SHADBALA_CHESHTA,YES
REF_004,Venus,naisargika,42.85,42.85,0.0,0.03,PASS,MUT_SHADBALA_NAISARGIKA,YES
REF_004,Venus,drik,-5.18,-5.18,0.0,0.03,PASS,MUT_SHADBALA_DRIK,YES
REF_004,Venus,total_shashtiamsas,334.17,334.17,0.0,0.03,PASS,MUT_SHADBALA_TOTAL_SHASHTIAMSAS,YES
REF_004,Venus,total_rupas,5.57,5.57,0.0,0.03,PASS,MUT_SHADBALA_TOTAL_RUPAS,YES
REF_004,Venus,strength_percentage,101.26,101.26,0.0,0.03,PASS,MUT_SHADBALA_STRENGTH_PERCENTAGE,YES
REF_004,Saturn,sthana,102.4,102.4,0.0,0.03,PASS,MUT_SHADBALA_STHANA,YES
REF_004,Saturn,uccha,1.15,1.15,0.0,0.03,PASS,MUT_SHADBALA_UCCHA,YES
REF_004,Saturn,sapta_vargaja,26.25,26.25,0.0,0.03,PASS,MUT_SHADBALA_SAPTA_VARGAJA,YES
REF_004,Saturn,ojha_yugma,30.0,30.0,0.0,0.03,PASS,MUT_SHADBALA_OJHA_YUGMA,YES
REF_004,Saturn,kendradi,30.0,30.0,0.0,0.03,PASS,MUT_SHADBALA_KENDRADI,YES
REF_004,Saturn,drekkana,15.0,15.0,0.0,0.03,PASS,MUT_SHADBALA_DREKKANA,YES
REF_004,Saturn,dig,6.81,6.81,0.0,0.03,PASS,MUT_SHADBALA_DIG,YES
REF_004,Saturn,kala,97.8,97.8,0.0,0.03,PASS,MUT_SHADBALA_KALA,YES
REF_004,Saturn,cheshta,60.0,60.0,0.0,0.03,PASS,MUT_SHADBALA_CHESHTA,YES
REF_004,Saturn,naisargika,8.57,8.57,0.0,0.03,PASS,MUT_SHADBALA_NAISARGIKA,YES
REF_004,Saturn,drik,9.68,9.68,0.0,0.03,PASS,MUT_SHADBALA_DRIK,YES
REF_004,Saturn,total_shashtiamsas,285.27,285.27,0.0,0.03,PASS,MUT_SHADBALA_TOTAL_SHASHTIAMSAS,YES
REF_004,Saturn,total_rupas,4.75,4.75,0.0,0.03,PASS,MUT_SHADBALA_TOTAL_RUPAS,YES
REF_004,Saturn,strength_percentage,95.09,95.09,0.0,0.03,PASS,MUT_SHADBALA_STRENGTH_PERCENTAGE,YES
REF_005,Sun,sthana,229.06,229.06,0.0,0.03,PASS,MUT_SHADBALA_STHANA,YES
REF_005,Sun,uccha,56.56,56.56,0.0,0.03,PASS,MUT_SHADBALA_UCCHA,YES
REF_005,Sun,sapta_vargaja,112.5,112.5,0.0,0.03,PASS,MUT_SHADBALA_SAPTA_VARGAJA,YES
REF_005,Sun,ojha_yugma,30.0,30.0,0.0,0.03,PASS,MUT_SHADBALA_OJHA_YUGMA,YES
REF_005,Sun,kendradi,30.0,30.0,0.0,0.03,PASS,MUT_SHADBALA_KENDRADI,YES
REF_005,Sun,drekkana,0.0,0.0,0.0,0.03,PASS,MUT_SHADBALA_DREKKANA,YES
REF_005,Sun,dig,46.04,46.04,0.0,0.03,PASS,MUT_SHADBALA_DIG,YES
REF_005,Sun,kala,137.28,137.28,0.0,0.03,PASS,MUT_SHADBALA_KALA,YES
REF_005,Sun,cheshta,50.4,50.4,0.0,0.03,PASS,MUT_SHADBALA_CHESHTA,YES
REF_005,Sun,naisargika,60.0,60.0,0.0,0.03,PASS,MUT_SHADBALA_NAISARGIKA,YES
REF_005,Sun,drik,-7.31,-7.31,0.0,0.03,PASS,MUT_SHADBALA_DRIK,YES
REF_005,Sun,total_shashtiamsas,515.46,515.46,0.0,0.03,PASS,MUT_SHADBALA_TOTAL_SHASHTIAMSAS,YES
REF_005,Sun,total_rupas,8.59,8.59,0.0,0.03,PASS,MUT_SHADBALA_TOTAL_RUPAS,YES
REF_005,Sun,strength_percentage,171.82,171.82,0.0,0.03,PASS,MUT_SHADBALA_STRENGTH_PERCENTAGE,YES
REF_005,Moon,sthana,213.82,213.82,0.0,0.03,PASS,MUT_SHADBALA_STHANA,YES
REF_005,Moon,uccha,45.07,45.07,0.0,0.03,PASS,MUT_SHADBALA_UCCHA,YES
REF_005,Moon,sapta_vargaja,93.75,93.75,0.0,0.03,PASS,MUT_SHADBALA_SAPTA_VARGAJA,YES
REF_005,Moon,ojha_yugma,15.0,15.0,0.0,0.03,PASS,MUT_SHADBALA_OJHA_YUGMA,YES
REF_005,Moon,kendradi,60.0,60.0,0.0,0.03,PASS,MUT_SHADBALA_KENDRADI,YES
REF_005,Moon,drekkana,0.0,0.0,0.0,0.03,PASS,MUT_SHADBALA_DREKKANA,YES
REF_005,Moon,dig,33.11,33.11,0.0,0.03,PASS,MUT_SHADBALA_DIG,YES
REF_005,Moon,kala,64.41,64.41,0.0,0.03,PASS,MUT_SHADBALA_KALA,YES
REF_005,Moon,cheshta,19.15,19.15,0.0,0.03,PASS,MUT_SHADBALA_CHESHTA,YES
REF_005,Moon,naisargika,51.43,51.43,0.0,0.03,PASS,MUT_SHADBALA_NAISARGIKA,YES
REF_005,Moon,drik,15.49,15.49,0.0,0.03,PASS,MUT_SHADBALA_DRIK,YES
REF_005,Moon,total_shashtiamsas,397.42,397.42,0.0,0.03,PASS,MUT_SHADBALA_TOTAL_SHASHTIAMSAS,YES
REF_005,Moon,total_rupas,6.62,6.62,0.0,0.03,PASS,MUT_SHADBALA_TOTAL_RUPAS,YES
REF_005,Moon,strength_percentage,110.39,110.39,0.0,0.03,PASS,MUT_SHADBALA_STRENGTH_PERCENTAGE,YES
REF_005,Mars,sthana,150.05,150.05,0.0,0.03,PASS,MUT_SHADBALA_STHANA,YES
REF_005,Mars,uccha,0.05,0.05,0.0,0.03,PASS,MUT_SHADBALA_UCCHA,YES
REF_005,Mars,sapta_vargaja,120.0,120.0,0.0,0.03,PASS,MUT_SHADBALA_SAPTA_VARGAJA,YES
REF_005,Mars,ojha_yugma,0.0,0.0,0.0,0.03,PASS,MUT_SHADBALA_OJHA_YUGMA,YES
REF_005,Mars,kendradi,30.0,30.0,0.0,0.03,PASS,MUT_SHADBALA_KENDRADI,YES
REF_005,Mars,drekkana,0.0,0.0,0.0,0.03,PASS,MUT_SHADBALA_DREKKANA,YES
REF_005,Mars,dig,13.54,13.54,0.0,0.03,PASS,MUT_SHADBALA_DIG,YES
REF_005,Mars,kala,103.0,103.0,0.0,0.03,PASS,MUT_SHADBALA_KALA,YES
REF_005,Mars,cheshta,15.0,15.0,0.0,0.03,PASS,MUT_SHADBALA_CHESHTA,YES
REF_005,Mars,naisargika,17.14,17.14,0.0,0.03,PASS,MUT_SHADBALA_NAISARGIKA,YES
REF_005,Mars,drik,15.07,15.07,0.0,0.03,PASS,MUT_SHADBALA_DRIK,YES
REF_005,Mars,total_shashtiamsas,313.8,313.8,0.0,0.03,PASS,MUT_SHADBALA_TOTAL_SHASHTIAMSAS,YES
REF_005,Mars,total_rupas,5.23,5.23,0.0,0.03,PASS,MUT_SHADBALA_TOTAL_RUPAS,YES
REF_005,Mars,strength_percentage,104.6,104.6,0.0,0.03,PASS,MUT_SHADBALA_STRENGTH_PERCENTAGE,YES
REF_005,Mercury,sthana,157.06,157.06,0.0,0.03,PASS,MUT_SHADBALA_STHANA,YES
REF_005,Mercury,uccha,18.31,18.31,0.0,0.03,PASS,MUT_SHADBALA_UCCHA,YES
REF_005,Mercury,sapta_vargaja,123.75,123.75,0.0,0.03,PASS,MUT_SHADBALA_SAPTA_VARGAJA,YES
REF_005,Mercury,ojha_yugma,0.0,0.0,0.0,0.03,PASS,MUT_SHADBALA_OJHA_YUGMA,YES
REF_005,Mercury,kendradi,15.0,15.0,0.0,0.03,PASS,MUT_SHADBALA_KENDRADI,YES
REF_005,Mercury,drekkana,0.0,0.0,0.0,0.03,PASS,MUT_SHADBALA_DREKKANA,YES
REF_005,Mercury,dig,45.35,45.35,0.0,0.03,PASS,MUT_SHADBALA_DIG,YES
REF_005,Mercury,kala,195.42,195.42,0.0,0.03,PASS,MUT_SHADBALA_KALA,YES
REF_005,Mercury,cheshta,45.0,45.0,0.0,0.03,PASS,MUT_SHADBALA_CHESHTA,YES
REF_005,Mercury,naisargika,25.7,25.7,0.0,0.03,PASS,MUT_SHADBALA_NAISARGIKA,YES
REF_005,Mercury,drik,-4.99,-4.99,0.0,0.03,PASS,MUT_SHADBALA_DRIK,YES
REF_005,Mercury,total_shashtiamsas,463.54,463.54,0.0,0.03,PASS,MUT_SHADBALA_TOTAL_SHASHTIAMSAS,YES
REF_005,Mercury,total_rupas,7.73,7.73,0.0,0.03,PASS,MUT_SHADBALA_TOTAL_RUPAS,YES
REF_005,Mercury,strength_percentage,110.37,110.37,0.0,0.03,PASS,MUT_SHADBALA_STRENGTH_PERCENTAGE,YES
REF_005,Jupiter,sthana,153.76,153.76,0.0,0.03,PASS,MUT_SHADBALA_STHANA,YES
REF_005,Jupiter,uccha,15.01,15.01,0.0,0.03,PASS,MUT_SHADBALA_UCCHA,YES
REF_005,Jupiter,sapta_vargaja,108.75,108.75,0.0,0.03,PASS,MUT_SHADBALA_SAPTA_VARGAJA,YES
REF_005,Jupiter,ojha_yugma,15.0,15.0,0.0,0.03,PASS,MUT_SHADBALA_OJHA_YUGMA,YES
REF_005,Jupiter,kendradi,15.0,15.0,0.0,0.03,PASS,MUT_SHADBALA_KENDRADI,YES
REF_005,Jupiter,drekkana,0.0,0.0,0.0,0.03,PASS,MUT_SHADBALA_DREKKANA,YES
REF_005,Jupiter,dig,11.3,11.3,0.0,0.03,PASS,MUT_SHADBALA_DIG,YES
REF_005,Jupiter,kala,127.06,127.06,0.0,0.03,PASS,MUT_SHADBALA_KALA,YES
REF_005,Jupiter,cheshta,60.0,60.0,0.0,0.03,PASS,MUT_SHADBALA_CHESHTA,YES
REF_005,Jupiter,naisargika,34.28,34.28,0.0,0.03,PASS,MUT_SHADBALA_NAISARGIKA,YES
REF_005,Jupiter,drik,-0.17,-0.17,0.0,0.03,PASS,MUT_SHADBALA_DRIK,YES
REF_005,Jupiter,total_shashtiamsas,386.23,386.23,0.0,0.03,PASS,MUT_SHADBALA_TOTAL_SHASHTIAMSAS,YES
REF_005,Jupiter,total_rupas,6.44,6.44,0.0,0.03,PASS,MUT_SHADBALA_TOTAL_RUPAS,YES
REF_005,Jupiter,strength_percentage,99.03,99.03,0.0,0.03,PASS,MUT_SHADBALA_STRENGTH_PERCENTAGE,YES
REF_005,Venus,sthana,249.51,249.51,0.0,0.03,PASS,MUT_SHADBALA_STHANA,YES
REF_005,Venus,uccha,58.26,58.26,0.0,0.03,PASS,MUT_SHADBALA_UCCHA,YES
REF_005,Venus,sapta_vargaja,86.25,86.25,0.0,0.03,PASS,MUT_SHADBALA_SAPTA_VARGAJA,YES
REF_005,Venus,ojha_yugma,30.0,30.0,0.0,0.03,PASS,MUT_SHADBALA_OJHA_YUGMA,YES
REF_005,Venus,kendradi,60.0,60.0,0.0,0.03,PASS,MUT_SHADBALA_KENDRADI,YES
REF_005,Venus,drekkana,15.0,15.0,0.0,0.03,PASS,MUT_SHADBALA_DREKKANA,YES
REF_005,Venus,dig,4.44,4.44,0.0,0.03,PASS,MUT_SHADBALA_DIG,YES
REF_005,Venus,kala,163.05,163.05,0.0,0.03,PASS,MUT_SHADBALA_KALA,YES
REF_005,Venus,cheshta,30.0,30.0,0.0,0.03,PASS,MUT_SHADBALA_CHESHTA,YES
REF_005,Venus,naisargika,42.85,42.85,0.0,0.03,PASS,MUT_SHADBALA_NAISARGIKA,YES
REF_005,Venus,drik,-1.26,-1.26,0.0,0.03,PASS,MUT_SHADBALA_DRIK,YES
REF_005,Venus,total_shashtiamsas,488.6,488.6,0.0,0.03,PASS,MUT_SHADBALA_TOTAL_SHASHTIAMSAS,YES
REF_005,Venus,total_rupas,8.14,8.14,0.0,0.03,PASS,MUT_SHADBALA_TOTAL_RUPAS,YES
REF_005,Venus,strength_percentage,148.06,148.06,0.0,0.03,PASS,MUT_SHADBALA_STRENGTH_PERCENTAGE,YES
REF_005,Saturn,sthana,199.21,199.21,0.0,0.03,PASS,MUT_SHADBALA_STHANA,YES
REF_005,Saturn,uccha,17.33,17.33,0.0,0.03,PASS,MUT_SHADBALA_UCCHA,YES
REF_005,Saturn,sapta_vargaja,136.88,136.88,0.0,0.03,PASS,MUT_SHADBALA_SAPTA_VARGAJA,YES
REF_005,Saturn,ojha_yugma,30.0,30.0,0.0,0.03,PASS,MUT_SHADBALA_OJHA_YUGMA,YES
REF_005,Saturn,kendradi,15.0,15.0,0.0,0.03,PASS,MUT_SHADBALA_KENDRADI,YES
REF_005,Saturn,drekkana,0.0,0.0,0.0,0.03,PASS,MUT_SHADBALA_DREKKANA,YES
REF_005,Saturn,dig,38.63,38.63,0.0,0.03,PASS,MUT_SHADBALA_DIG,YES
REF_005,Saturn,kala,149.0,149.0,0.0,0.03,PASS,MUT_SHADBALA_KALA,YES
REF_005,Saturn,cheshta,45.0,45.0,0.0,0.03,PASS,MUT_SHADBALA_CHESHTA,YES
REF_005,Saturn,naisargika,8.57,8.57,0.0,0.03,PASS,MUT_SHADBALA_NAISARGIKA,YES
REF_005,Saturn,drik,0.98,0.98,0.0,0.03,PASS,MUT_SHADBALA_DRIK,YES
REF_005,Saturn,total_shashtiamsas,441.39,441.39,0.0,0.03,PASS,MUT_SHADBALA_TOTAL_SHASHTIAMSAS,YES
REF_005,Saturn,total_rupas,7.36,7.36,0.0,0.03,PASS,MUT_SHADBALA_TOTAL_RUPAS,YES
REF_005,Saturn,strength_percentage,147.13,147.13,0.0,0.03,PASS,MUT_SHADBALA_STRENGTH_PERCENTAGE,YES
REF_006,Sun,sthana,145.88,145.88,0.0,0.03,PASS,MUT_SHADBALA_STHANA,YES
REF_006,Sun,uccha,5.25,5.25,0.0,0.03,PASS,MUT_SHADBALA_UCCHA,YES
REF_006,Sun,sapta_vargaja,95.62,95.62,0.0,0.03,PASS,MUT_SHADBALA_SAPTA_VARGAJA,YES
REF_006,Sun,ojha_yugma,15.0,15.0,0.0,0.03,PASS,MUT_SHADBALA_OJHA_YUGMA,YES
REF_006,Sun,kendradi,30.0,30.0,0.0,0.03,PASS,MUT_SHADBALA_KENDRADI,YES
REF_006,Sun,drekkana,0.0,0.0,0.0,0.03,PASS,MUT_SHADBALA_DREKKANA,YES
REF_006,Sun,dig,46.59,46.59,0.0,0.03,PASS,MUT_SHADBALA_DIG,YES
REF_006,Sun,kala,148.76,148.76,0.0,0.03,PASS,MUT_SHADBALA_KALA,YES
REF_006,Sun,cheshta,7.69,7.69,0.0,0.03,PASS,MUT_SHADBALA_CHESHTA,YES
REF_006,Sun,naisargika,60.0,60.0,0.0,0.03,PASS,MUT_SHADBALA_NAISARGIKA,YES
REF_006,Sun,drik,6.79,6.79,0.0,0.03,PASS,MUT_SHADBALA_DRIK,YES
REF_006,Sun,total_shashtiamsas,415.7,415.7,0.0,0.03,PASS,MUT_SHADBALA_TOTAL_SHASHTIAMSAS,YES
REF_006,Sun,total_rupas,6.93,6.93,0.0,0.03,PASS,MUT_SHADBALA_TOTAL_RUPAS,YES
REF_006,Sun,strength_percentage,138.57,138.57,0.0,0.03,PASS,MUT_SHADBALA_STRENGTH_PERCENTAGE,YES
REF_006,Moon,sthana,155.43,155.43,0.0,0.03,PASS,MUT_SHADBALA_STHANA,YES
REF_006,Moon,uccha,27.93,27.93,0.0,0.03,PASS,MUT_SHADBALA_UCCHA,YES
REF_006,Moon,sapta_vargaja,112.5,112.5,0.0,0.03,PASS,MUT_SHADBALA_SAPTA_VARGAJA,YES
REF_006,Moon,ojha_yugma,0.0,0.0,0.0,0.03,PASS,MUT_SHADBALA_OJHA_YUGMA,YES
REF_006,Moon,kendradi,15.0,15.0,0.0,0.03,PASS,MUT_SHADBALA_KENDRADI,YES
REF_006,Moon,drekkana,0.0,0.0,0.0,0.03,PASS,MUT_SHADBALA_DREKKANA,YES
REF_006,Moon,dig,38.92,38.92,0.0,0.03,PASS,MUT_SHADBALA_DIG,YES
REF_006,Moon,kala,55.65,55.65,0.0,0.03,PASS,MUT_SHADBALA_KALA,YES
REF_006,Moon,cheshta,25.51,25.51,0.0,0.03,PASS,MUT_SHADBALA_CHESHTA,YES
REF_006,Moon,naisargika,51.43,51.43,0.0,0.03,PASS,MUT_SHADBALA_NAISARGIKA,YES
REF_006,Moon,drik,12.76,12.76,0.0,0.03,PASS,MUT_SHADBALA_DRIK,YES
REF_006,Moon,total_shashtiamsas,339.71,339.71,0.0,0.03,PASS,MUT_SHADBALA_TOTAL_SHASHTIAMSAS,YES
REF_006,Moon,total_rupas,5.66,5.66,0.0,0.03,PASS,MUT_SHADBALA_TOTAL_RUPAS,YES
REF_006,Moon,strength_percentage,94.36,94.36,0.0,0.03,PASS,MUT_SHADBALA_STRENGTH_PERCENTAGE,YES
REF_006,Mars,sthana,148.58,148.58,0.0,0.03,PASS,MUT_SHADBALA_STHANA,YES
REF_006,Mars,uccha,9.83,9.83,0.0,0.03,PASS,MUT_SHADBALA_UCCHA,YES
REF_006,Mars,sapta_vargaja,93.75,93.75,0.0,0.03,PASS,MUT_SHADBALA_SAPTA_VARGAJA,YES
REF_006,Mars,ojha_yugma,30.0,30.0,0.0,0.03,PASS,MUT_SHADBALA_OJHA_YUGMA,YES
REF_006,Mars,kendradi,15.0,15.0,0.0,0.03,PASS,MUT_SHADBALA_KENDRADI,YES
REF_006,Mars,drekkana,0.0,0.0,0.0,0.03,PASS,MUT_SHADBALA_DREKKANA,YES
REF_006,Mars,dig,27.16,27.16,0.0,0.03,PASS,MUT_SHADBALA_DIG,YES
REF_006,Mars,kala,82.32,82.32,0.0,0.03,PASS,MUT_SHADBALA_KALA,YES
REF_006,Mars,cheshta,30.0,30.0,0.0,0.03,PASS,MUT_SHADBALA_CHESHTA,YES
REF_006,Mars,naisargika,17.14,17.14,0.0,0.03,PASS,MUT_SHADBALA_NAISARGIKA,YES
REF_006,Mars,drik,17.43,17.43,0.0,0.03,PASS,MUT_SHADBALA_DRIK,YES
REF_006,Mars,total_shashtiamsas,322.63,322.63,0.0,0.03,PASS,MUT_SHADBALA_TOTAL_SHASHTIAMSAS,YES
REF_006,Mars,total_rupas,5.38,5.38,0.0,0.03,PASS,MUT_SHADBALA_TOTAL_RUPAS,YES
REF_006,Mars,strength_percentage,107.54,107.54,0.0,0.03,PASS,MUT_SHADBALA_STRENGTH_PERCENTAGE,YES
REF_006,Mercury,sthana,226.32,226.32,0.0,0.03,PASS,MUT_SHADBALA_STHANA,YES
REF_006,Mercury,uccha,38.82,38.82,0.0,0.03,PASS,MUT_SHADBALA_UCCHA,YES
REF_006,Mercury,sapta_vargaja,142.5,142.5,0.0,0.03,PASS,MUT_SHADBALA_SAPTA_VARGAJA,YES
REF_006,Mercury,ojha_yugma,15.0,15.0,0.0,0.03,PASS,MUT_SHADBALA_OJHA_YUGMA,YES
REF_006,Mercury,kendradi,15.0,15.0,0.0,0.03,PASS,MUT_SHADBALA_KENDRADI,YES
REF_006,Mercury,drekkana,15.0,15.0,0.0,0.03,PASS,MUT_SHADBALA_DREKKANA,YES
REF_006,Mercury,dig,24.18,24.18,0.0,0.03,PASS,MUT_SHADBALA_DIG,YES
REF_006,Mercury,kala,87.59,87.59,0.0,0.03,PASS,MUT_SHADBALA_KALA,YES
REF_006,Mercury,cheshta,15.0,15.0,0.0,0.03,PASS,MUT_SHADBALA_CHESHTA,YES
REF_006,Mercury,naisargika,25.7,25.7,0.0,0.03,PASS,MUT_SHADBALA_NAISARGIKA,YES
REF_006,Mercury,drik,1.18,1.18,0.0,0.03,PASS,MUT_SHADBALA_DRIK,YES
REF_006,Mercury,total_shashtiamsas,379.97,379.97,0.0,0.03,PASS,MUT_SHADBALA_TOTAL_SHASHTIAMSAS,YES
REF_006,Mercury,total_rupas,6.33,6.33,0.0,0.03,PASS,MUT_SHADBALA_TOTAL_RUPAS,YES
REF_006,Mercury,strength_percentage,90.47,90.47,0.0,0.03,PASS,MUT_SHADBALA_STRENGTH_PERCENTAGE,YES
REF_006,Jupiter,sthana,95.2,95.2,0.0,0.03,PASS,MUT_SHADBALA_STHANA,YES
REF_006,Jupiter,uccha,16.45,16.45,0.0,0.03,PASS,MUT_SHADBALA_UCCHA,YES
REF_006,Jupiter,sapta_vargaja,48.75,48.75,0.0,0.03,PASS,MUT_SHADBALA_SAPTA_VARGAJA,YES
REF_006,Jupiter,ojha_yugma,15.0,15.0,0.0,0.03,PASS,MUT_SHADBALA_OJHA_YUGMA,YES
REF_006,Jupiter,kendradi,15.0,15.0,0.0,0.03,PASS,MUT_SHADBALA_KENDRADI,YES
REF_006,Jupiter,drekkana,0.0,0.0,0.0,0.03,PASS,MUT_SHADBALA_DREKKANA,YES
REF_006,Jupiter,dig,56.11,56.11,0.0,0.03,PASS,MUT_SHADBALA_DIG,YES
REF_006,Jupiter,kala,201.1,201.1,0.0,0.03,PASS,MUT_SHADBALA_KALA,YES
REF_006,Jupiter,cheshta,60.0,60.0,0.0,0.03,PASS,MUT_SHADBALA_CHESHTA,YES
REF_006,Jupiter,naisargika,34.28,34.28,0.0,0.03,PASS,MUT_SHADBALA_NAISARGIKA,YES
REF_006,Jupiter,drik,9.98,9.98,0.0,0.03,PASS,MUT_SHADBALA_DRIK,YES
REF_006,Jupiter,total_shashtiamsas,456.67,456.67,0.0,0.03,PASS,MUT_SHADBALA_TOTAL_SHASHTIAMSAS,YES
REF_006,Jupiter,total_rupas,7.61,7.61,0.0,0.03,PASS,MUT_SHADBALA_TOTAL_RUPAS,YES
REF_006,Jupiter,strength_percentage,117.09,117.09,0.0,0.03,PASS,MUT_SHADBALA_STRENGTH_PERCENTAGE,YES
REF_006,Venus,sthana,205.68,205.68,0.0,0.03,PASS,MUT_SHADBALA_STHANA,YES
REF_006,Venus,uccha,10.68,10.68,0.0,0.03,PASS,MUT_SHADBALA_UCCHA,YES
REF_006,Venus,sapta_vargaja,150.0,150.0,0.0,0.03,PASS,MUT_SHADBALA_SAPTA_VARGAJA,YES
REF_006,Venus,ojha_yugma,0.0,0.0,0.0,0.03,PASS,MUT_SHADBALA_OJHA_YUGMA,YES
REF_006,Venus,kendradi,30.0,30.0,0.0,0.03,PASS,MUT_SHADBALA_KENDRADI,YES
REF_006,Venus,drekkana,15.0,15.0,0.0,0.03,PASS,MUT_SHADBALA_DREKKANA,YES
REF_006,Venus,dig,12.32,12.32,0.0,0.03,PASS,MUT_SHADBALA_DIG,YES
REF_006,Venus,kala,108.74,108.74,0.0,0.03,PASS,MUT_SHADBALA_KALA,YES
REF_006,Venus,cheshta,30.0,30.0,0.0,0.03,PASS,MUT_SHADBALA_CHESHTA,YES
REF_006,Venus,naisargika,42.85,42.85,0.0,0.03,PASS,MUT_SHADBALA_NAISARGIKA,YES
REF_006,Venus,drik,7.0,7.0,0.0,0.03,PASS,MUT_SHADBALA_DRIK,YES
REF_006,Venus,total_shashtiamsas,406.59,406.59,0.0,0.03,PASS,MUT_SHADBALA_TOTAL_SHASHTIAMSAS,YES
REF_006,Venus,total_rupas,6.78,6.78,0.0,0.03,PASS,MUT_SHADBALA_TOTAL_RUPAS,YES
REF_006,Venus,strength_percentage,123.21,123.21,0.0,0.03,PASS,MUT_SHADBALA_STRENGTH_PERCENTAGE,YES
REF_006,Saturn,sthana,80.05,80.05,0.0,0.03,PASS,MUT_SHADBALA_STHANA,YES
REF_006,Saturn,uccha,5.05,5.05,0.0,0.03,PASS,MUT_SHADBALA_UCCHA,YES
REF_006,Saturn,sapta_vargaja,30.0,30.0,0.0,0.03,PASS,MUT_SHADBALA_SAPTA_VARGAJA,YES
REF_006,Saturn,ojha_yugma,15.0,15.0,0.0,0.03,PASS,MUT_SHADBALA_OJHA_YUGMA,YES
REF_006,Saturn,kendradi,30.0,30.0,0.0,0.03,PASS,MUT_SHADBALA_KENDRADI,YES
REF_006,Saturn,drekkana,0.0,0.0,0.0,0.03,PASS,MUT_SHADBALA_DREKKANA,YES
REF_006,Saturn,dig,9.61,9.61,0.0,0.03,PASS,MUT_SHADBALA_DIG,YES
REF_006,Saturn,kala,138.84,138.84,0.0,0.03,PASS,MUT_SHADBALA_KALA,YES
REF_006,Saturn,cheshta,60.0,60.0,0.0,0.03,PASS,MUT_SHADBALA_CHESHTA,YES
REF_006,Saturn,naisargika,8.57,8.57,0.0,0.03,PASS,MUT_SHADBALA_NAISARGIKA,YES
REF_006,Saturn,drik,-6.36,-6.36,0.0,0.03,PASS,MUT_SHADBALA_DRIK,YES
REF_006,Saturn,total_shashtiamsas,290.72,290.72,0.0,0.03,PASS,MUT_SHADBALA_TOTAL_SHASHTIAMSAS,YES
REF_006,Saturn,total_rupas,4.85,4.85,0.0,0.03,PASS,MUT_SHADBALA_TOTAL_RUPAS,YES
REF_006,Saturn,strength_percentage,96.91,96.91,0.0,0.03,PASS,MUT_SHADBALA_STRENGTH_PERCENTAGE,YES
REF_007,Sun,sthana,176.43,176.43,0.0,0.03,PASS,MUT_SHADBALA_STHANA,YES
REF_007,Sun,uccha,48.93,48.93,0.0,0.03,PASS,MUT_SHADBALA_UCCHA,YES
REF_007,Sun,sapta_vargaja,82.5,82.5,0.0,0.03,PASS,MUT_SHADBALA_SAPTA_VARGAJA,YES
REF_007,Sun,ojha_yugma,0.0,0.0,0.0,0.03,PASS,MUT_SHADBALA_OJHA_YUGMA,YES
REF_007,Sun,kendradi,30.0,30.0,0.0,0.03,PASS,MUT_SHADBALA_KENDRADI,YES
REF_007,Sun,drekkana,15.0,15.0,0.0,0.03,PASS,MUT_SHADBALA_DREKKANA,YES
REF_007,Sun,dig,25.43,25.43,0.0,0.03,PASS,MUT_SHADBALA_DIG,YES
REF_007,Sun,kala,84.03,84.03,0.0,0.03,PASS,MUT_SHADBALA_KALA,YES
REF_007,Sun,cheshta,30.15,30.15,0.0,0.03,PASS,MUT_SHADBALA_CHESHTA,YES
REF_007,Sun,naisargika,60.0,60.0,0.0,0.03,PASS,MUT_SHADBALA_NAISARGIKA,YES
REF_007,Sun,drik,-2.97,-2.97,0.0,0.03,PASS,MUT_SHADBALA_DRIK,YES
REF_007,Sun,total_shashtiamsas,373.08,373.08,0.0,0.03,PASS,MUT_SHADBALA_TOTAL_SHASHTIAMSAS,YES
REF_007,Sun,total_rupas,6.22,6.22,0.0,0.03,PASS,MUT_SHADBALA_TOTAL_RUPAS,YES
REF_007,Sun,strength_percentage,124.36,124.36,0.0,0.03,PASS,MUT_SHADBALA_STRENGTH_PERCENTAGE,YES
REF_007,Moon,sthana,193.43,193.43,0.0,0.03,PASS,MUT_SHADBALA_STHANA,YES
REF_007,Moon,uccha,47.18,47.18,0.0,0.03,PASS,MUT_SHADBALA_UCCHA,YES
REF_007,Moon,sapta_vargaja,101.25,101.25,0.0,0.03,PASS,MUT_SHADBALA_SAPTA_VARGAJA,YES
REF_007,Moon,ojha_yugma,15.0,15.0,0.0,0.03,PASS,MUT_SHADBALA_OJHA_YUGMA,YES
REF_007,Moon,kendradi,30.0,30.0,0.0,0.03,PASS,MUT_SHADBALA_KENDRADI,YES
REF_007,Moon,drekkana,0.0,0.0,0.0,0.03,PASS,MUT_SHADBALA_DREKKANA,YES
REF_007,Moon,dig,53.88,53.88,0.0,0.03,PASS,MUT_SHADBALA_DIG,YES
REF_007,Moon,kala,81.93,81.93,0.0,0.03,PASS,MUT_SHADBALA_KALA,YES
REF_007,Moon,cheshta,31.55,31.55,0.0,0.03,PASS,MUT_SHADBALA_CHESHTA,YES
REF_007,Moon,naisargika,51.43,51.43,0.0,0.03,PASS,MUT_SHADBALA_NAISARGIKA,YES
REF_007,Moon,drik,5.51,5.51,0.0,0.03,PASS,MUT_SHADBALA_DRIK,YES
REF_007,Moon,total_shashtiamsas,417.74,417.74,0.0,0.03,PASS,MUT_SHADBALA_TOTAL_SHASHTIAMSAS,YES
REF_007,Moon,total_rupas,6.96,6.96,0.0,0.03,PASS,MUT_SHADBALA_TOTAL_RUPAS,YES
REF_007,Moon,strength_percentage,116.04,116.04,0.0,0.03,PASS,MUT_SHADBALA_STRENGTH_PERCENTAGE,YES
REF_007,Mars,sthana,154.97,154.97,0.0,0.03,PASS,MUT_SHADBALA_STHANA,YES
REF_007,Mars,uccha,57.47,57.47,0.0,0.03,PASS,MUT_SHADBALA_UCCHA,YES
REF_007,Mars,sapta_vargaja,82.5,82.5,0.0,0.03,PASS,MUT_SHADBALA_SAPTA_VARGAJA,YES
REF_007,Mars,ojha_yugma,0.0,0.0,0.0,0.03,PASS,MUT_SHADBALA_OJHA_YUGMA,YES
REF_007,Mars,kendradi,15.0,15.0,0.0,0.03,PASS,MUT_SHADBALA_KENDRADI,YES
REF_007,Mars,drekkana,0.0,0.0,0.0,0.03,PASS,MUT_SHADBALA_DREKKANA,YES
REF_007,Mars,dig,40.9,40.9,0.0,0.03,PASS,MUT_SHADBALA_DIG,YES
REF_007,Mars,kala,71.91,71.91,0.0,0.03,PASS,MUT_SHADBALA_KALA,YES
REF_007,Mars,cheshta,45.0,45.0,0.0,0.03,PASS,MUT_SHADBALA_CHESHTA,YES
REF_007,Mars,naisargika,17.14,17.14,0.0,0.03,PASS,MUT_SHADBALA_NAISARGIKA,YES
REF_007,Mars,drik,1.33,1.33,0.0,0.03,PASS,MUT_SHADBALA_DRIK,YES
REF_007,Mars,total_shashtiamsas,331.25,331.25,0.0,0.03,PASS,MUT_SHADBALA_TOTAL_SHASHTIAMSAS,YES
REF_007,Mars,total_rupas,5.52,5.52,0.0,0.03,PASS,MUT_SHADBALA_TOTAL_RUPAS,YES
REF_007,Mars,strength_percentage,110.42,110.42,0.0,0.03,PASS,MUT_SHADBALA_STRENGTH_PERCENTAGE,YES
REF_007,Mercury,sthana,214.88,214.88,0.0,0.03,PASS,MUT_SHADBALA_STHANA,YES
REF_007,Mercury,uccha,10.51,10.51,0.0,0.03,PASS,MUT_SHADBALA_UCCHA,YES
REF_007,Mercury,sapta_vargaja,99.38,99.38,0.0,0.03,PASS,MUT_SHADBALA_SAPTA_VARGAJA,YES
REF_007,Mercury,ojha_yugma,30.0,30.0,0.0,0.03,PASS,MUT_SHADBALA_OJHA_YUGMA,YES
REF_007,Mercury,kendradi,60.0,60.0,0.0,0.03,PASS,MUT_SHADBALA_KENDRADI,YES
REF_007,Mercury,drekkana,15.0,15.0,0.0,0.03,PASS,MUT_SHADBALA_DREKKANA,YES
REF_007,Mercury,dig,57.62,57.62,0.0,0.03,PASS,MUT_SHADBALA_DIG,YES
REF_007,Mercury,kala,110.1,110.1,0.0,0.03,PASS,MUT_SHADBALA_KALA,YES
REF_007,Mercury,cheshta,45.0,45.0,0.0,0.03,PASS,MUT_SHADBALA_CHESHTA,YES
REF_007,Mercury,naisargika,25.7,25.7,0.0,0.03,PASS,MUT_SHADBALA_NAISARGIKA,YES
REF_007,Mercury,drik,-0.92,-0.92,0.0,0.03,PASS,MUT_SHADBALA_DRIK,YES
REF_007,Mercury,total_shashtiamsas,452.39,452.39,0.0,0.03,PASS,MUT_SHADBALA_TOTAL_SHASHTIAMSAS,YES
REF_007,Mercury,total_rupas,7.54,7.54,0.0,0.03,PASS,MUT_SHADBALA_TOTAL_RUPAS,YES
REF_007,Mercury,strength_percentage,107.71,107.71,0.0,0.03,PASS,MUT_SHADBALA_STRENGTH_PERCENTAGE,YES
REF_007,Jupiter,sthana,178.31,178.31,0.0,0.03,PASS,MUT_SHADBALA_STHANA,YES
REF_007,Jupiter,uccha,20.81,20.81,0.0,0.03,PASS,MUT_SHADBALA_UCCHA,YES
REF_007,Jupiter,sapta_vargaja,112.5,112.5,0.0,0.03,PASS,MUT_SHADBALA_SAPTA_VARGAJA,YES
REF_007,Jupiter,ojha_yugma,0.0,0.0,0.0,0.03,PASS,MUT_SHADBALA_OJHA_YUGMA,YES
REF_007,Jupiter,kendradi,30.0,30.0,0.0,0.03,PASS,MUT_SHADBALA_KENDRADI,YES
REF_007,Jupiter,drekkana,15.0,15.0,0.0,0.03,PASS,MUT_SHADBALA_DREKKANA,YES
REF_007,Jupiter,dig,49.64,49.64,0.0,0.03,PASS,MUT_SHADBALA_DIG,YES
REF_007,Jupiter,kala,177.48,177.48,0.0,0.03,PASS,MUT_SHADBALA_KALA,YES
REF_007,Jupiter,cheshta,45.0,45.0,0.0,0.03,PASS,MUT_SHADBALA_CHESHTA,YES
REF_007,Jupiter,naisargika,34.28,34.28,0.0,0.03,PASS,MUT_SHADBALA_NAISARGIKA,YES
REF_007,Jupiter,drik,-3.05,-3.05,0.0,0.03,PASS,MUT_SHADBALA_DRIK,YES
REF_007,Jupiter,total_shashtiamsas,481.66,481.66,0.0,0.03,PASS,MUT_SHADBALA_TOTAL_SHASHTIAMSAS,YES
REF_007,Jupiter,total_rupas,8.03,8.03,0.0,0.03,PASS,MUT_SHADBALA_TOTAL_RUPAS,YES
REF_007,Jupiter,strength_percentage,123.5,123.5,0.0,0.03,PASS,MUT_SHADBALA_STRENGTH_PERCENTAGE,YES
REF_007,Venus,sthana,191.19,191.19,0.0,0.03,PASS,MUT_SHADBALA_STHANA,YES
REF_007,Venus,uccha,56.19,56.19,0.0,0.03,PASS,MUT_SHADBALA_UCCHA,YES
REF_007,Venus,sapta_vargaja,120.0,120.0,0.0,0.03,PASS,MUT_SHADBALA_SAPTA_VARGAJA,YES
REF_007,Venus,ojha_yugma,0.0,0.0,0.0,0.03,PASS,MUT_SHADBALA_OJHA_YUGMA,YES
REF_007,Venus,kendradi,15.0,15.0,0.0,0.03,PASS,MUT_SHADBALA_KENDRADI,YES
REF_007,Venus,drekkana,0.0,0.0,0.0,0.03,PASS,MUT_SHADBALA_DREKKANA,YES
REF_007,Venus,dig,45.11,45.11,0.0,0.03,PASS,MUT_SHADBALA_DIG,YES
REF_007,Venus,kala,267.48,267.48,0.0,0.03,PASS,MUT_SHADBALA_KALA,YES
REF_007,Venus,cheshta,30.0,30.0,0.0,0.03,PASS,MUT_SHADBALA_CHESHTA,YES
REF_007,Venus,naisargika,42.85,42.85,0.0,0.03,PASS,MUT_SHADBALA_NAISARGIKA,YES
REF_007,Venus,drik,-17.38,-17.38,0.0,0.03,PASS,MUT_SHADBALA_DRIK,YES
REF_007,Venus,total_shashtiamsas,559.25,559.25,0.0,0.03,PASS,MUT_SHADBALA_TOTAL_SHASHTIAMSAS,YES
REF_007,Venus,total_rupas,9.32,9.32,0.0,0.03,PASS,MUT_SHADBALA_TOTAL_RUPAS,YES
REF_007,Venus,strength_percentage,169.47,169.47,0.0,0.03,PASS,MUT_SHADBALA_STRENGTH_PERCENTAGE,YES
REF_007,Saturn,sthana,186.48,186.48,0.0,0.03,PASS,MUT_SHADBALA_STHANA,YES
REF_007,Saturn,uccha,19.61,19.61,0.0,0.03,PASS,MUT_SHADBALA_UCCHA,YES
REF_007,Saturn,sapta_vargaja,106.88,106.88,0.0,0.03,PASS,MUT_SHADBALA_SAPTA_VARGAJA,YES
REF_007,Saturn,ojha_yugma,15.0,15.0,0.0,0.03,PASS,MUT_SHADBALA_OJHA_YUGMA,YES
REF_007,Saturn,kendradi,30.0,30.0,0.0,0.03,PASS,MUT_SHADBALA_KENDRADI,YES
REF_007,Saturn,drekkana,15.0,15.0,0.0,0.03,PASS,MUT_SHADBALA_DREKKANA,YES
REF_007,Saturn,dig,44.16,44.16,0.0,0.03,PASS,MUT_SHADBALA_DIG,YES
REF_007,Saturn,kala,64.39,64.39,0.0,0.03,PASS,MUT_SHADBALA_KALA,YES
REF_007,Saturn,cheshta,15.0,15.0,0.0,0.03,PASS,MUT_SHADBALA_CHESHTA,YES
REF_007,Saturn,naisargika,8.57,8.57,0.0,0.03,PASS,MUT_SHADBALA_NAISARGIKA,YES
REF_007,Saturn,drik,6.59,6.59,0.0,0.03,PASS,MUT_SHADBALA_DRIK,YES
REF_007,Saturn,total_shashtiamsas,325.19,325.19,0.0,0.03,PASS,MUT_SHADBALA_TOTAL_SHASHTIAMSAS,YES
REF_007,Saturn,total_rupas,5.42,5.42,0.0,0.03,PASS,MUT_SHADBALA_TOTAL_RUPAS,YES
REF_007,Saturn,strength_percentage,108.4,108.4,0.0,0.03,PASS,MUT_SHADBALA_STRENGTH_PERCENTAGE,YES
REF_008,Sun,sthana,245.32,245.32,0.0,0.03,PASS,MUT_SHADBALA_STHANA,YES
REF_008,Sun,uccha,40.94,40.94,0.0,0.03,PASS,MUT_SHADBALA_UCCHA,YES
REF_008,Sun,sapta_vargaja,99.38,99.38,0.0,0.03,PASS,MUT_SHADBALA_SAPTA_VARGAJA,YES
REF_008,Sun,ojha_yugma,30.0,30.0,0.0,0.03,PASS,MUT_SHADBALA_OJHA_YUGMA,YES
REF_008,Sun,kendradi,60.0,60.0,0.0,0.03,PASS,MUT_SHADBALA_KENDRADI,YES
REF_008,Sun,drekkana,15.0,15.0,0.0,0.03,PASS,MUT_SHADBALA_DREKKANA,YES
REF_008,Sun,dig,8.11,8.11,0.0,0.03,PASS,MUT_SHADBALA_DIG,YES
REF_008,Sun,kala,137.39,137.39,0.0,0.03,PASS,MUT_SHADBALA_KALA,YES
REF_008,Sun,cheshta,59.3,59.3,0.0,0.03,PASS,MUT_SHADBALA_CHESHTA,YES
REF_008,Sun,naisargika,60.0,60.0,0.0,0.03,PASS,MUT_SHADBALA_NAISARGIKA,YES
REF_008,Sun,drik,3.38,3.38,0.0,0.03,PASS,MUT_SHADBALA_DRIK,YES
REF_008,Sun,total_shashtiamsas,513.49,513.49,0.0,0.03,PASS,MUT_SHADBALA_TOTAL_SHASHTIAMSAS,YES
REF_008,Sun,total_rupas,8.56,8.56,0.0,0.03,PASS,MUT_SHADBALA_TOTAL_RUPAS,YES
REF_008,Sun,strength_percentage,171.16,171.16,0.0,0.03,PASS,MUT_SHADBALA_STRENGTH_PERCENTAGE,YES
REF_008,Moon,sthana,171.37,171.37,0.0,0.03,PASS,MUT_SHADBALA_STHANA,YES
REF_008,Moon,uccha,36.37,36.37,0.0,0.03,PASS,MUT_SHADBALA_UCCHA,YES
REF_008,Moon,sapta_vargaja,105.0,105.0,0.0,0.03,PASS,MUT_SHADBALA_SAPTA_VARGAJA,YES
REF_008,Moon,ojha_yugma,0.0,0.0,0.0,0.03,PASS,MUT_SHADBALA_OJHA_YUGMA,YES
REF_008,Moon,kendradi,15.0,15.0,0.0,0.03,PASS,MUT_SHADBALA_KENDRADI,YES
REF_008,Moon,drekkana,15.0,15.0,0.0,0.03,PASS,MUT_SHADBALA_DREKKANA,YES
REF_008,Moon,dig,33.09,33.09,0.0,0.03,PASS,MUT_SHADBALA_DIG,YES
REF_008,Moon,kala,184.07,184.07,0.0,0.03,PASS,MUT_SHADBALA_KALA,YES
REF_008,Moon,cheshta,35.02,35.02,0.0,0.03,PASS,MUT_SHADBALA_CHESHTA,YES
REF_008,Moon,naisargika,51.43,51.43,0.0,0.03,PASS,MUT_SHADBALA_NAISARGIKA,YES
REF_008,Moon,drik,22.69,22.69,0.0,0.03,PASS,MUT_SHADBALA_DRIK,YES
REF_008,Moon,total_shashtiamsas,497.67,497.67,0.0,0.03,PASS,MUT_SHADBALA_TOTAL_SHASHTIAMSAS,YES
REF_008,Moon,total_rupas,8.29,8.29,0.0,0.03,PASS,MUT_SHADBALA_TOTAL_RUPAS,YES
REF_008,Moon,strength_percentage,138.24,138.24,0.0,0.03,PASS,MUT_SHADBALA_STRENGTH_PERCENTAGE,YES
REF_008,Mars,sthana,215.42,215.42,0.0,0.03,PASS,MUT_SHADBALA_STHANA,YES
REF_008,Mars,uccha,35.42,35.42,0.0,0.03,PASS,MUT_SHADBALA_UCCHA,YES
REF_008,Mars,sapta_vargaja,135.0,135.0,0.0,0.03,PASS,MUT_SHADBALA_SAPTA_VARGAJA,YES
REF_008,Mars,ojha_yugma,15.0,15.0,0.0,0.03,PASS,MUT_SHADBALA_OJHA_YUGMA,YES
REF_008,Mars,kendradi,30.0,30.0,0.0,0.03,PASS,MUT_SHADBALA_KENDRADI,YES
REF_008,Mars,drekkana,0.0,0.0,0.0,0.03,PASS,MUT_SHADBALA_DREKKANA,YES
REF_008,Mars,dig,10.37,10.37,0.0,0.03,PASS,MUT_SHADBALA_DIG,YES
REF_008,Mars,kala,123.87,123.87,0.0,0.03,PASS,MUT_SHADBALA_KALA,YES
REF_008,Mars,cheshta,45.0,45.0,0.0,0.03,PASS,MUT_SHADBALA_CHESHTA,YES
REF_008,Mars,naisargika,17.14,17.14,0.0,0.03,PASS,MUT_SHADBALA_NAISARGIKA,YES
REF_008,Mars,drik,-2.55,-2.55,0.0,0.03,PASS,MUT_SHADBALA_DRIK,YES
REF_008,Mars,total_shashtiamsas,409.25,409.25,0.0,0.03,PASS,MUT_SHADBALA_TOTAL_SHASHTIAMSAS,YES
REF_008,Mars,total_rupas,6.82,6.82,0.0,0.03,PASS,MUT_SHADBALA_TOTAL_RUPAS,YES
REF_008,Mars,strength_percentage,136.42,136.42,0.0,0.03,PASS,MUT_SHADBALA_STRENGTH_PERCENTAGE,YES
REF_008,Mercury,sthana,220.17,220.17,0.0,0.03,PASS,MUT_SHADBALA_STHANA,YES
REF_008,Mercury,uccha,34.55,34.55,0.0,0.03,PASS,MUT_SHADBALA_UCCHA,YES
REF_008,Mercury,sapta_vargaja,95.62,95.62,0.0,0.03,PASS,MUT_SHADBALA_SAPTA_VARGAJA,YES
REF_008,Mercury,ojha_yugma,30.0,30.0,0.0,0.03,PASS,MUT_SHADBALA_OJHA_YUGMA,YES
REF_008,Mercury,kendradi,60.0,60.0,0.0,0.03,PASS,MUT_SHADBALA_KENDRADI,YES
REF_008,Mercury,drekkana,0.0,0.0,0.0,0.03,PASS,MUT_SHADBALA_DREKKANA,YES
REF_008,Mercury,dig,7.07,7.07,0.0,0.03,PASS,MUT_SHADBALA_DIG,YES
REF_008,Mercury,kala,152.11,152.11,0.0,0.03,PASS,MUT_SHADBALA_KALA,YES
REF_008,Mercury,cheshta,45.0,45.0,0.0,0.03,PASS,MUT_SHADBALA_CHESHTA,YES
REF_008,Mercury,naisargika,25.7,25.7,0.0,0.03,PASS,MUT_SHADBALA_NAISARGIKA,YES
REF_008,Mercury,drik,-10.11,-10.11,0.0,0.03,PASS,MUT_SHADBALA_DRIK,YES
REF_008,Mercury,total_shashtiamsas,439.94,439.94,0.0,0.03,PASS,MUT_SHADBALA_TOTAL_SHASHTIAMSAS,YES
REF_008,Mercury,total_rupas,7.33,7.33,0.0,0.03,PASS,MUT_SHADBALA_TOTAL_RUPAS,YES
REF_008,Mercury,strength_percentage,104.75,104.75,0.0,0.03,PASS,MUT_SHADBALA_STRENGTH_PERCENTAGE,YES
REF_008,Jupiter,sthana,230.49,230.49,0.0,0.03,PASS,MUT_SHADBALA_STHANA,YES
REF_008,Jupiter,uccha,46.74,46.74,0.0,0.03,PASS,MUT_SHADBALA_UCCHA,YES
REF_008,Jupiter,sapta_vargaja,138.75,138.75,0.0,0.03,PASS,MUT_SHADBALA_SAPTA_VARGAJA,YES
REF_008,Jupiter,ojha_yugma,30.0,30.0,0.0,0.03,PASS,MUT_SHADBALA_OJHA_YUGMA,YES
REF_008,Jupiter,kendradi,15.0,15.0,0.0,0.03,PASS,MUT_SHADBALA_KENDRADI,YES
REF_008,Jupiter,drekkana,0.0,0.0,0.0,0.03,PASS,MUT_SHADBALA_DREKKANA,YES
REF_008,Jupiter,dig,22.46,22.46,0.0,0.03,PASS,MUT_SHADBALA_DIG,YES
REF_008,Jupiter,kala,143.85,143.85,0.0,0.03,PASS,MUT_SHADBALA_KALA,YES
REF_008,Jupiter,cheshta,45.0,45.0,0.0,0.03,PASS,MUT_SHADBALA_CHESHTA,YES
REF_008,Jupiter,naisargika,34.28,34.28,0.0,0.03,PASS,MUT_SHADBALA_NAISARGIKA,YES
REF_008,Jupiter,drik,0.34,0.34,0.0,0.03,PASS,MUT_SHADBALA_DRIK,YES
REF_008,Jupiter,total_shashtiamsas,476.42,476.42,0.0,0.03,PASS,MUT_SHADBALA_TOTAL_SHASHTIAMSAS,YES
REF_008,Jupiter,total_rupas,7.94,7.94,0.0,0.03,PASS,MUT_SHADBALA_TOTAL_RUPAS,YES
REF_008,Jupiter,strength_percentage,122.16,122.16,0.0,0.03,PASS,MUT_SHADBALA_STRENGTH_PERCENTAGE,YES
REF_008,Venus,sthana,144.6,144.6,0.0,0.03,PASS,MUT_SHADBALA_STHANA,YES
REF_008,Venus,uccha,35.85,35.85,0.0,0.03,PASS,MUT_SHADBALA_UCCHA,YES
REF_008,Venus,sapta_vargaja,48.75,48.75,0.0,0.03,PASS,MUT_SHADBALA_SAPTA_VARGAJA,YES
REF_008,Venus,ojha_yugma,0.0,0.0,0.0,0.03,PASS,MUT_SHADBALA_OJHA_YUGMA,YES
REF_008,Venus,kendradi,60.0,60.0,0.0,0.03,PASS,MUT_SHADBALA_KENDRADI,YES
REF_008,Venus,drekkana,0.0,0.0,0.0,0.03,PASS,MUT_SHADBALA_DREKKANA,YES
REF_008,Venus,dig,51.13,51.13,0.0,0.03,PASS,MUT_SHADBALA_DIG,YES
REF_008,Venus,kala,147.39,147.39,0.0,0.03,PASS,MUT_SHADBALA_KALA,YES
REF_008,Venus,cheshta,30.0,30.0,0.0,0.03,PASS,MUT_SHADBALA_CHESHTA,YES
REF_008,Venus,naisargika,42.85,42.85,0.0,0.03,PASS,MUT_SHADBALA_NAISARGIKA,YES
REF_008,Venus,drik,1.95,1.95,0.0,0.03,PASS,MUT_SHADBALA_DRIK,YES
REF_008,Venus,total_shashtiamsas,417.92,417.92,0.0,0.03,PASS,MUT_SHADBALA_TOTAL_SHASHTIAMSAS,YES
REF_008,Venus,total_rupas,6.97,6.97,0.0,0.03,PASS,MUT_SHADBALA_TOTAL_RUPAS,YES
REF_008,Venus,strength_percentage,126.64,126.64,0.0,0.03,PASS,MUT_SHADBALA_STRENGTH_PERCENTAGE,YES
REF_008,Saturn,sthana,156.04,156.04,0.0,0.03,PASS,MUT_SHADBALA_STHANA,YES
REF_008,Saturn,uccha,28.54,28.54,0.0,0.03,PASS,MUT_SHADBALA_UCCHA,YES
REF_008,Saturn,sapta_vargaja,82.5,82.5,0.0,0.03,PASS,MUT_SHADBALA_SAPTA_VARGAJA,YES
REF_008,Saturn,ojha_yugma,15.0,15.0,0.0,0.03,PASS,MUT_SHADBALA_OJHA_YUGMA,YES
REF_008,Saturn,kendradi,30.0,30.0,0.0,0.03,PASS,MUT_SHADBALA_KENDRADI,YES
REF_008,Saturn,drekkana,0.0,0.0,0.0,0.03,PASS,MUT_SHADBALA_DREKKANA,YES
REF_008,Saturn,dig,15.65,15.65,0.0,0.03,PASS,MUT_SHADBALA_DIG,YES
REF_008,Saturn,kala,186.43,186.43,0.0,0.03,PASS,MUT_SHADBALA_KALA,YES
REF_008,Saturn,cheshta,60.0,60.0,0.0,0.03,PASS,MUT_SHADBALA_CHESHTA,YES
REF_008,Saturn,naisargika,8.57,8.57,0.0,0.03,PASS,MUT_SHADBALA_NAISARGIKA,YES
REF_008,Saturn,drik,14.69,14.69,0.0,0.03,PASS,MUT_SHADBALA_DRIK,YES
REF_008,Saturn,total_shashtiamsas,441.38,441.38,0.0,0.03,PASS,MUT_SHADBALA_TOTAL_SHASHTIAMSAS,YES
REF_008,Saturn,total_rupas,7.36,7.36,0.0,0.03,PASS,MUT_SHADBALA_TOTAL_RUPAS,YES
REF_008,Saturn,strength_percentage,147.13,147.13,0.0,0.03,PASS,MUT_SHADBALA_STRENGTH_PERCENTAGE,YES
REF_011,Sun,sthana,128.18,128.18,0.0,0.03,PASS,MUT_SHADBALA_STHANA,YES
REF_011,Sun,uccha,15.68,15.68,0.0,0.03,PASS,MUT_SHADBALA_UCCHA,YES
REF_011,Sun,sapta_vargaja,97.5,97.5,0.0,0.03,PASS,MUT_SHADBALA_SAPTA_VARGAJA,YES
REF_011,Sun,ojha_yugma,0.0,0.0,0.0,0.03,PASS,MUT_SHADBALA_OJHA_YUGMA,YES
REF_011,Sun,kendradi,15.0,15.0,0.0,0.03,PASS,MUT_SHADBALA_KENDRADI,YES
REF_011,Sun,drekkana,0.0,0.0,0.0,0.03,PASS,MUT_SHADBALA_DREKKANA,YES
REF_011,Sun,dig,51.68,51.68,0.0,0.03,PASS,MUT_SHADBALA_DIG,YES
REF_011,Sun,kala,159.46,159.46,0.0,0.03,PASS,MUT_SHADBALA_KALA,YES
REF_011,Sun,cheshta,1.08,1.08,0.0,0.03,PASS,MUT_SHADBALA_CHESHTA,YES
REF_011,Sun,naisargika,60.0,60.0,0.0,0.03,PASS,MUT_SHADBALA_NAISARGIKA,YES
REF_011,Sun,drik,5.95,5.95,0.0,0.03,PASS,MUT_SHADBALA_DRIK,YES
REF_011,Sun,total_shashtiamsas,406.35,406.35,0.0,0.03,PASS,MUT_SHADBALA_TOTAL_SHASHTIAMSAS,YES
REF_011,Sun,total_rupas,6.77,6.77,0.0,0.03,PASS,MUT_SHADBALA_TOTAL_RUPAS,YES
REF_011,Sun,strength_percentage,135.45,135.45,0.0,0.03,PASS,MUT_SHADBALA_STRENGTH_PERCENTAGE,YES
REF_011,Moon,sthana,193.81,193.81,0.0,0.03,PASS,MUT_SHADBALA_STHANA,YES
REF_011,Moon,uccha,21.31,21.31,0.0,0.03,PASS,MUT_SHADBALA_UCCHA,YES
REF_011,Moon,sapta_vargaja,112.5,112.5,0.0,0.03,PASS,MUT_SHADBALA_SAPTA_VARGAJA,YES
REF_011,Moon,ojha_yugma,30.0,30.0,0.0,0.03,PASS,MUT_SHADBALA_OJHA_YUGMA,YES
REF_011,Moon,kendradi,30.0,30.0,0.0,0.03,PASS,MUT_SHADBALA_KENDRADI,YES
REF_011,Moon,drekkana,0.0,0.0,0.0,0.03,PASS,MUT_SHADBALA_DREKKANA,YES
REF_011,Moon,dig,21.62,21.62,0.0,0.03,PASS,MUT_SHADBALA_DIG,YES
REF_011,Moon,kala,136.83,136.83,0.0,0.03,PASS,MUT_SHADBALA_KALA,YES
REF_011,Moon,cheshta,13.3,13.3,0.0,0.03,PASS,MUT_SHADBALA_CHESHTA,YES
REF_011,Moon,naisargika,51.43,51.43,0.0,0.03,PASS,MUT_SHADBALA_NAISARGIKA,YES
REF_011,Moon,drik,18.23,18.23,0.0,0.03,PASS,MUT_SHADBALA_DRIK,YES
REF_011,Moon,total_shashtiamsas,435.22,435.22,0.0,0.03,PASS,MUT_SHADBALA_TOTAL_SHASHTIAMSAS,YES
REF_011,Moon,total_rupas,7.25,7.25,0.0,0.03,PASS,MUT_SHADBALA_TOTAL_RUPAS,YES
REF_011,Moon,strength_percentage,120.89,120.89,0.0,0.03,PASS,MUT_SHADBALA_STRENGTH_PERCENTAGE,YES
REF_011,Mars,sthana,238.53,238.53,0.0,0.03,PASS,MUT_SHADBALA_STHANA,YES
REF_011,Mars,uccha,43.53,43.53,0.0,0.03,PASS,MUT_SHADBALA_UCCHA,YES
REF_011,Mars,sapta_vargaja,120.0,120.0,0.0,0.03,PASS,MUT_SHADBALA_SAPTA_VARGAJA,YES
REF_011,Mars,ojha_yugma,15.0,15.0,0.0,0.03,PASS,MUT_SHADBALA_OJHA_YUGMA,YES
REF_011,Mars,kendradi,60.0,60.0,0.0,0.03,PASS,MUT_SHADBALA_KENDRADI,YES
REF_011,Mars,drekkana,0.0,0.0,0.0,0.03,PASS,MUT_SHADBALA_DREKKANA,YES
REF_011,Mars,dig,14.89,14.89,0.0,0.03,PASS,MUT_SHADBALA_DIG,YES
REF_011,Mars,kala,90.66,90.66,0.0,0.03,PASS,MUT_SHADBALA_KALA,YES
REF_011,Mars,cheshta,15.0,15.0,0.0,0.03,PASS,MUT_SHADBALA_CHESHTA,YES
REF_011,Mars,naisargika,17.14,17.14,0.0,0.03,PASS,MUT_SHADBALA_NAISARGIKA,YES
REF_011,Mars,drik,0.28,0.28,0.0,0.03,PASS,MUT_SHADBALA_DRIK,YES
REF_011,Mars,total_shashtiamsas,376.5,376.5,0.0,0.03,PASS,MUT_SHADBALA_TOTAL_SHASHTIAMSAS,YES
REF_011,Mars,total_rupas,6.28,6.28,0.0,0.03,PASS,MUT_SHADBALA_TOTAL_RUPAS,YES
REF_011,Mars,strength_percentage,125.5,125.5,0.0,0.03,PASS,MUT_SHADBALA_STRENGTH_PERCENTAGE,YES
REF_011,Mercury,sthana,191.46,191.46,0.0,0.03,PASS,MUT_SHADBALA_STHANA,YES
REF_011,Mercury,uccha,33.96,33.96,0.0,0.03,PASS,MUT_SHADBALA_UCCHA,YES
REF_011,Mercury,sapta_vargaja,67.5,67.5,0.0,0.03,PASS,MUT_SHADBALA_SAPTA_VARGAJA,YES
REF_011,Mercury,ojha_yugma,30.0,30.0,0.0,0.03,PASS,MUT_SHADBALA_OJHA_YUGMA,YES
REF_011,Mercury,kendradi,60.0,60.0,0.0,0.03,PASS,MUT_SHADBALA_KENDRADI,YES
REF_011,Mercury,drekkana,0.0,0.0,0.0,0.03,PASS,MUT_SHADBALA_DREKKANA,YES
REF_011,Mercury,dig,52.24,52.24,0.0,0.03,PASS,MUT_SHADBALA_DIG,YES
REF_011,Mercury,kala,134.05,134.05,0.0,0.03,PASS,MUT_SHADBALA_KALA,YES
REF_011,Mercury,cheshta,45.0,45.0,0.0,0.03,PASS,MUT_SHADBALA_CHESHTA,YES
REF_011,Mercury,naisargika,25.7,25.7,0.0,0.03,PASS,MUT_SHADBALA_NAISARGIKA,YES
REF_011,Mercury,drik,6.37,6.37,0.0,0.03,PASS,MUT_SHADBALA_DRIK,YES
REF_011,Mercury,total_shashtiamsas,454.81,454.81,0.0,0.03,PASS,MUT_SHADBALA_TOTAL_SHASHTIAMSAS,YES
REF_011,Mercury,total_rupas,7.58,7.58,0.0,0.03,PASS,MUT_SHADBALA_TOTAL_RUPAS,YES
REF_011,Mercury,strength_percentage,108.29,108.29,0.0,0.03,PASS,MUT_SHADBALA_STRENGTH_PERCENTAGE,YES
REF_011,Jupiter,sthana,139.38,139.38,0.0,0.03,PASS,MUT_SHADBALA_STHANA,YES
REF_011,Jupiter,uccha,40.0,40.0,0.0,0.03,PASS,MUT_SHADBALA_UCCHA,YES
REF_011,Jupiter,sapta_vargaja,54.38,54.38,0.0,0.03,PASS,MUT_SHADBALA_SAPTA_VARGAJA,YES
REF_011,Jupiter,ojha_yugma,15.0,15.0,0.0,0.03,PASS,MUT_SHADBALA_OJHA_YUGMA,YES
REF_011,Jupiter,kendradi,15.0,15.0,0.0,0.03,PASS,MUT_SHADBALA_KENDRADI,YES
REF_011,Jupiter,drekkana,15.0,15.0,0.0,0.03,PASS,MUT_SHADBALA_DREKKANA,YES
REF_011,Jupiter,dig,17.14,17.14,0.0,0.03,PASS,MUT_SHADBALA_DIG,YES
REF_011,Jupiter,kala,210.02,210.02,0.0,0.03,PASS,MUT_SHADBALA_KALA,YES
REF_011,Jupiter,cheshta,60.0,60.0,0.0,0.03,PASS,MUT_SHADBALA_CHESHTA,YES
REF_011,Jupiter,naisargika,34.28,34.28,0.0,0.03,PASS,MUT_SHADBALA_NAISARGIKA,YES
REF_011,Jupiter,drik,9.82,9.82,0.0,0.03,PASS,MUT_SHADBALA_DRIK,YES
REF_011,Jupiter,total_shashtiamsas,470.64,470.64,0.0,0.03,PASS,MUT_SHADBALA_TOTAL_SHASHTIAMSAS,YES
REF_011,Jupiter,total_rupas,7.84,7.84,0.0,0.03,PASS,MUT_SHADBALA_TOTAL_RUPAS,YES
REF_011,Jupiter,strength_percentage,120.68,120.68,0.0,0.03,PASS,MUT_SHADBALA_STRENGTH_PERCENTAGE,YES
REF_011,Venus,sthana,194.68,194.68,0.0,0.03,PASS,MUT_SHADBALA_STHANA,YES
REF_011,Venus,uccha,10.93,10.93,0.0,0.03,PASS,MUT_SHADBALA_UCCHA,YES
REF_011,Venus,sapta_vargaja,138.75,138.75,0.0,0.03,PASS,MUT_SHADBALA_SAPTA_VARGAJA,YES
REF_011,Venus,ojha_yugma,0.0,0.0,0.0,0.03,PASS,MUT_SHADBALA_OJHA_YUGMA,YES
REF_011,Venus,kendradi,30.0,30.0,0.0,0.03,PASS,MUT_SHADBALA_KENDRADI,YES
REF_011,Venus,drekkana,15.0,15.0,0.0,0.03,PASS,MUT_SHADBALA_DREKKANA,YES
REF_011,Venus,dig,0.77,0.77,0.0,0.03,PASS,MUT_SHADBALA_DIG,YES
REF_011,Venus,kala,71.44,71.44,0.0,0.03,PASS,MUT_SHADBALA_KALA,YES
REF_011,Venus,cheshta,30.0,30.0,0.0,0.03,PASS,MUT_SHADBALA_CHESHTA,YES
REF_011,Venus,naisargika,42.85,42.85,0.0,0.03,PASS,MUT_SHADBALA_NAISARGIKA,YES
REF_011,Venus,drik,-0.17,-0.17,0.0,0.03,PASS,MUT_SHADBALA_DRIK,YES
REF_011,Venus,total_shashtiamsas,339.56,339.56,0.0,0.03,PASS,MUT_SHADBALA_TOTAL_SHASHTIAMSAS,YES
REF_011,Venus,total_rupas,5.66,5.66,0.0,0.03,PASS,MUT_SHADBALA_TOTAL_RUPAS,YES
REF_011,Venus,strength_percentage,102.9,102.9,0.0,0.03,PASS,MUT_SHADBALA_STRENGTH_PERCENTAGE,YES
REF_011,Saturn,sthana,219.67,219.67,0.0,0.03,PASS,MUT_SHADBALA_STHANA,YES
REF_011,Saturn,uccha,43.42,43.42,0.0,0.03,PASS,MUT_SHADBALA_UCCHA,YES
REF_011,Saturn,sapta_vargaja,86.25,86.25,0.0,0.03,PASS,MUT_SHADBALA_SAPTA_VARGAJA,YES
REF_011,Saturn,ojha_yugma,30.0,30.0,0.0,0.03,PASS,MUT_SHADBALA_OJHA_YUGMA,YES
REF_011,Saturn,kendradi,60.0,60.0,0.0,0.03,PASS,MUT_SHADBALA_KENDRADI,YES
REF_011,Saturn,drekkana,0.0,0.0,0.0,0.03,PASS,MUT_SHADBALA_DREKKANA,YES
REF_011,Saturn,dig,5.56,5.56,0.0,0.03,PASS,MUT_SHADBALA_DIG,YES
REF_011,Saturn,kala,114.27,114.27,0.0,0.03,PASS,MUT_SHADBALA_KALA,YES
REF_011,Saturn,cheshta,45.0,45.0,0.0,0.03,PASS,MUT_SHADBALA_CHESHTA,YES
REF_011,Saturn,naisargika,8.57,8.57,0.0,0.03,PASS,MUT_SHADBALA_NAISARGIKA,YES
REF_011,Saturn,drik,7.19,7.19,0.0,0.03,PASS,MUT_SHADBALA_DRIK,YES
REF_011,Saturn,total_shashtiamsas,400.27,400.27,0.0,0.03,PASS,MUT_SHADBALA_TOTAL_SHASHTIAMSAS,YES
REF_011,Saturn,total_rupas,6.67,6.67,0.0,0.03,PASS,MUT_SHADBALA_TOTAL_RUPAS,YES
REF_011,Saturn,strength_percentage,133.42,133.42,0.0,0.03,PASS,MUT_SHADBALA_STRENGTH_PERCENTAGE,YES
REF_012,Sun,sthana,205.5,205.5,0.0,0.03,PASS,MUT_SHADBALA_STHANA,YES
REF_012,Sun,uccha,55.5,55.5,0.0,0.03,PASS,MUT_SHADBALA_UCCHA,YES
REF_012,Sun,sapta_vargaja,105.0,105.0,0.0,0.03,PASS,MUT_SHADBALA_SAPTA_VARGAJA,YES
REF_012,Sun,ojha_yugma,15.0,15.0,0.0,0.03,PASS,MUT_SHADBALA_OJHA_YUGMA,YES
REF_012,Sun,kendradi,30.0,30.0,0.0,0.03,PASS,MUT_SHADBALA_KENDRADI,YES
REF_012,Sun,drekkana,0.0,0.0,0.0,0.03,PASS,MUT_SHADBALA_DREKKANA,YES
REF_012,Sun,dig,49.45,49.45,0.0,0.03,PASS,MUT_SHADBALA_DIG,YES
REF_012,Sun,kala,131.6,131.6,0.0,0.03,PASS,MUT_SHADBALA_KALA,YES
REF_012,Sun,cheshta,40.13,40.13,0.0,0.03,PASS,MUT_SHADBALA_CHESHTA,YES
REF_012,Sun,naisargika,60.0,60.0,0.0,0.03,PASS,MUT_SHADBALA_NAISARGIKA,YES
REF_012,Sun,drik,-0.78,-0.78,0.0,0.03,PASS,MUT_SHADBALA_DRIK,YES
REF_012,Sun,total_shashtiamsas,485.9,485.9,0.0,0.03,PASS,MUT_SHADBALA_TOTAL_SHASHTIAMSAS,YES
REF_012,Sun,total_rupas,8.1,8.1,0.0,0.03,PASS,MUT_SHADBALA_TOTAL_RUPAS,YES
REF_012,Sun,strength_percentage,161.97,161.97,0.0,0.03,PASS,MUT_SHADBALA_STRENGTH_PERCENTAGE,YES
REF_012,Moon,sthana,179.84,179.84,0.0,0.03,PASS,MUT_SHADBALA_STHANA,YES
REF_012,Moon,uccha,29.84,29.84,0.0,0.03,PASS,MUT_SHADBALA_UCCHA,YES
REF_012,Moon,sapta_vargaja,90.0,90.0,0.0,0.03,PASS,MUT_SHADBALA_SAPTA_VARGAJA,YES
REF_012,Moon,ojha_yugma,0.0,0.0,0.0,0.03,PASS,MUT_SHADBALA_OJHA_YUGMA,YES
REF_012,Moon,kendradi,60.0,60.0,0.0,0.03,PASS,MUT_SHADBALA_KENDRADI,YES
REF_012,Moon,drekkana,0.0,0.0,0.0,0.03,PASS,MUT_SHADBALA_DREKKANA,YES
REF_012,Moon,dig,28.54,28.54,0.0,0.03,PASS,MUT_SHADBALA_DIG,YES
REF_012,Moon,kala,134.81,134.81,0.0,0.03,PASS,MUT_SHADBALA_KALA,YES
REF_012,Moon,cheshta,17.99,17.99,0.0,0.03,PASS,MUT_SHADBALA_CHESHTA,YES
REF_012,Moon,naisargika,51.43,51.43,0.0,0.03,PASS,MUT_SHADBALA_NAISARGIKA,YES
REF_012,Moon,drik,3.98,3.98,0.0,0.03,PASS,MUT_SHADBALA_DRIK,YES
REF_012,Moon,total_shashtiamsas,416.59,416.59,0.0,0.03,PASS,MUT_SHADBALA_TOTAL_SHASHTIAMSAS,YES
REF_012,Moon,total_rupas,6.94,6.94,0.0,0.03,PASS,MUT_SHADBALA_TOTAL_RUPAS,YES
REF_012,Moon,strength_percentage,115.72,115.72,0.0,0.03,PASS,MUT_SHADBALA_STRENGTH_PERCENTAGE,YES
REF_012,Mars,sthana,169.62,169.62,0.0,0.03,PASS,MUT_SHADBALA_STHANA,YES
REF_012,Mars,uccha,15.87,15.87,0.0,0.03,PASS,MUT_SHADBALA_UCCHA,YES
REF_012,Mars,sapta_vargaja,108.75,108.75,0.0,0.03,PASS,MUT_SHADBALA_SAPTA_VARGAJA,YES
REF_012,Mars,ojha_yugma,15.0,15.0,0.0,0.03,PASS,MUT_SHADBALA_OJHA_YUGMA,YES
REF_012,Mars,kendradi,30.0,30.0,0.0,0.03,PASS,MUT_SHADBALA_KENDRADI,YES
REF_012,Mars,drekkana,0.0,0.0,0.0,0.03,PASS,MUT_SHADBALA_DREKKANA,YES
REF_012,Mars,dig,45.92,45.92,0.0,0.03,PASS,MUT_SHADBALA_DIG,YES
REF_012,Mars,kala,111.78,111.78,0.0,0.03,PASS,MUT_SHADBALA_KALA,YES
REF_012,Mars,cheshta,30.0,30.0,0.0,0.03,PASS,MUT_SHADBALA_CHESHTA,YES
REF_012,Mars,naisargika,17.14,17.14,0.0,0.03,PASS,MUT_SHADBALA_NAISARGIKA,YES
REF_012,Mars,drik,-0.93,-0.93,0.0,0.03,PASS,MUT_SHADBALA_DRIK,YES
REF_012,Mars,total_shashtiamsas,373.54,373.54,0.0,0.03,PASS,MUT_SHADBALA_TOTAL_SHASHTIAMSAS,YES
REF_012,Mars,total_rupas,6.23,6.23,0.0,0.03,PASS,MUT_SHADBALA_TOTAL_RUPAS,YES
REF_012,Mars,strength_percentage,124.51,124.51,0.0,0.03,PASS,MUT_SHADBALA_STRENGTH_PERCENTAGE,YES
REF_012,Mercury,sthana,163.73,163.73,0.0,0.03,PASS,MUT_SHADBALA_STHANA,YES
REF_012,Mercury,uccha,6.23,6.23,0.0,0.03,PASS,MUT_SHADBALA_UCCHA,YES
REF_012,Mercury,sapta_vargaja,127.5,127.5,0.0,0.03,PASS,MUT_SHADBALA_SAPTA_VARGAJA,YES
REF_012,Mercury,ojha_yugma,15.0,15.0,0.0,0.03,PASS,MUT_SHADBALA_OJHA_YUGMA,YES
REF_012,Mercury,kendradi,15.0,15.0,0.0,0.03,PASS,MUT_SHADBALA_KENDRADI,YES
REF_012,Mercury,drekkana,0.0,0.0,0.0,0.03,PASS,MUT_SHADBALA_DREKKANA,YES
REF_012,Mercury,dig,20.82,20.82,0.0,0.03,PASS,MUT_SHADBALA_DIG,YES
REF_012,Mercury,kala,166.49,166.49,0.0,0.03,PASS,MUT_SHADBALA_KALA,YES
REF_012,Mercury,cheshta,60.0,60.0,0.0,0.03,PASS,MUT_SHADBALA_CHESHTA,YES
REF_012,Mercury,naisargika,25.7,25.7,0.0,0.03,PASS,MUT_SHADBALA_NAISARGIKA,YES
REF_012,Mercury,drik,0.26,0.26,0.0,0.03,PASS,MUT_SHADBALA_DRIK,YES
REF_012,Mercury,total_shashtiamsas,437.0,437.0,0.0,0.03,PASS,MUT_SHADBALA_TOTAL_SHASHTIAMSAS,YES
REF_012,Mercury,total_rupas,7.28,7.28,0.0,0.03,PASS,MUT_SHADBALA_TOTAL_RUPAS,YES
REF_012,Mercury,strength_percentage,104.05,104.05,0.0,0.03,PASS,MUT_SHADBALA_STRENGTH_PERCENTAGE,YES
REF_012,Jupiter,sthana,193.29,193.29,0.0,0.03,PASS,MUT_SHADBALA_STHANA,YES
REF_012,Jupiter,uccha,58.29,58.29,0.0,0.03,PASS,MUT_SHADBALA_UCCHA,YES
REF_012,Jupiter,sapta_vargaja,105.0,105.0,0.0,0.03,PASS,MUT_SHADBALA_SAPTA_VARGAJA,YES
REF_012,Jupiter,ojha_yugma,15.0,15.0,0.0,0.03,PASS,MUT_SHADBALA_OJHA_YUGMA,YES
REF_012,Jupiter,kendradi,15.0,15.0,0.0,0.03,PASS,MUT_SHADBALA_KENDRADI,YES
REF_012,Jupiter,drekkana,0.0,0.0,0.0,0.03,PASS,MUT_SHADBALA_DREKKANA,YES
REF_012,Jupiter,dig,52.96,52.96,0.0,0.03,PASS,MUT_SHADBALA_DIG,YES
REF_012,Jupiter,kala,211.78,211.78,0.0,0.03,PASS,MUT_SHADBALA_KALA,YES
REF_012,Jupiter,cheshta,15.0,15.0,0.0,0.03,PASS,MUT_SHADBALA_CHESHTA,YES
REF_012,Jupiter,naisargika,34.28,34.28,0.0,0.03,PASS,MUT_SHADBALA_NAISARGIKA,YES
REF_012,Jupiter,drik,-2.07,-2.07,0.0,0.03,PASS,MUT_SHADBALA_DRIK,YES
REF_012,Jupiter,total_shashtiamsas,505.24,505.24,0.0,0.03,PASS,MUT_SHADBALA_TOTAL_SHASHTIAMSAS,YES
REF_012,Jupiter,total_rupas,8.42,8.42,0.0,0.03,PASS,MUT_SHADBALA_TOTAL_RUPAS,YES
REF_012,Jupiter,strength_percentage,129.55,129.55,0.0,0.03,PASS,MUT_SHADBALA_STRENGTH_PERCENTAGE,YES
REF_012,Venus,sthana,265.36,265.36,0.0,0.03,PASS,MUT_SHADBALA_STHANA,YES
REF_012,Venus,uccha,47.86,47.86,0.0,0.03,PASS,MUT_SHADBALA_UCCHA,YES
REF_012,Venus,sapta_vargaja,142.5,142.5,0.0,0.03,PASS,MUT_SHADBALA_SAPTA_VARGAJA,YES
REF_012,Venus,ojha_yugma,15.0,15.0,0.0,0.03,PASS,MUT_SHADBALA_OJHA_YUGMA,YES
REF_012,Venus,kendradi,60.0,60.0,0.0,0.03,PASS,MUT_SHADBALA_KENDRADI,YES
REF_012,Venus,drekkana,0.0,0.0,0.0,0.03,PASS,MUT_SHADBALA_DREKKANA,YES
REF_012,Venus,dig,1.76,1.76,0.0,0.03,PASS,MUT_SHADBALA_DIG,YES
REF_012,Venus,kala,137.06,137.06,0.0,0.03,PASS,MUT_SHADBALA_KALA,YES
REF_012,Venus,cheshta,30.0,30.0,0.0,0.03,PASS,MUT_SHADBALA_CHESHTA,YES
REF_012,Venus,naisargika,42.85,42.85,0.0,0.03,PASS,MUT_SHADBALA_NAISARGIKA,YES
REF_012,Venus,drik,7.61,7.61,0.0,0.03,PASS,MUT_SHADBALA_DRIK,YES
REF_012,Venus,total_shashtiamsas,484.64,484.64,0.0,0.03,PASS,MUT_SHADBALA_TOTAL_SHASHTIAMSAS,YES
REF_012,Venus,total_rupas,8.08,8.08,0.0,0.03,PASS,MUT_SHADBALA_TOTAL_RUPAS,YES
REF_012,Venus,strength_percentage,146.86,146.86,0.0,0.03,PASS,MUT_SHADBALA_STRENGTH_PERCENTAGE,YES
REF_012,Saturn,sthana,158.24,158.24,0.0,0.03,PASS,MUT_SHADBALA_STHANA,YES
REF_012,Saturn,uccha,32.62,32.62,0.0,0.03,PASS,MUT_SHADBALA_UCCHA,YES
REF_012,Saturn,sapta_vargaja,80.62,80.62,0.0,0.03,PASS,MUT_SHADBALA_SAPTA_VARGAJA,YES
REF_012,Saturn,ojha_yugma,15.0,15.0,0.0,0.03,PASS,MUT_SHADBALA_OJHA_YUGMA,YES
REF_012,Saturn,kendradi,15.0,15.0,0.0,0.03,PASS,MUT_SHADBALA_KENDRADI,YES
REF_012,Saturn,drekkana,15.0,15.0,0.0,0.03,PASS,MUT_SHADBALA_DREKKANA,YES
REF_012,Saturn,dig,53.64,53.64,0.0,0.03,PASS,MUT_SHADBALA_DIG,YES
REF_012,Saturn,kala,166.29,166.29,0.0,0.03,PASS,MUT_SHADBALA_KALA,YES
REF_012,Saturn,cheshta,45.0,45.0,0.0,0.03,PASS,MUT_SHADBALA_CHESHTA,YES
REF_012,Saturn,naisargika,8.57,8.57,0.0,0.03,PASS,MUT_SHADBALA_NAISARGIKA,YES
REF_012,Saturn,drik,7.28,7.28,0.0,0.03,PASS,MUT_SHADBALA_DRIK,YES
REF_012,Saturn,total_shashtiamsas,439.02,439.02,0.0,0.03,PASS,MUT_SHADBALA_TOTAL_SHASHTIAMSAS,YES
REF_012,Saturn,total_rupas,7.32,7.32,0.0,0.03,PASS,MUT_SHADBALA_TOTAL_RUPAS,YES
REF_012,Saturn,strength_percentage,146.34,146.34,0.0,0.03,PASS,MUT_SHADBALA_STRENGTH_PERCENTAGE,YES
REF_013,Sun,sthana,173.31,173.31,0.0,0.03,PASS,MUT_SHADBALA_STHANA,YES
REF_013,Sun,uccha,42.06,42.06,0.0,0.03,PASS,MUT_SHADBALA_UCCHA,YES
REF_013,Sun,sapta_vargaja,86.25,86.25,0.0,0.03,PASS,MUT_SHADBALA_SAPTA_VARGAJA,YES
REF_013,Sun,ojha_yugma,30.0,30.0,0.0,0.03,PASS,MUT_SHADBALA_OJHA_YUGMA,YES
REF_013,Sun,kendradi,15.0,15.0,0.0,0.03,PASS,MUT_SHADBALA_KENDRADI,YES
REF_013,Sun,drekkana,0.0,0.0,0.0,0.03,PASS,MUT_SHADBALA_DREKKANA,YES
REF_013,Sun,dig,35.07,35.07,0.0,0.03,PASS,MUT_SHADBALA_DIG,YES
REF_013,Sun,kala,140.7,140.7,0.0,0.03,PASS,MUT_SHADBALA_KALA,YES
REF_013,Sun,cheshta,19.88,19.88,0.0,0.03,PASS,MUT_SHADBALA_CHESHTA,YES
REF_013,Sun,naisargika,60.0,60.0,0.0,0.03,PASS,MUT_SHADBALA_NAISARGIKA,YES
REF_013,Sun,drik,1.63,1.63,0.0,0.03,PASS,MUT_SHADBALA_DRIK,YES
REF_013,Sun,total_shashtiamsas,430.59,430.59,0.0,0.03,PASS,MUT_SHADBALA_TOTAL_SHASHTIAMSAS,YES
REF_013,Sun,total_rupas,7.18,7.18,0.0,0.03,PASS,MUT_SHADBALA_TOTAL_RUPAS,YES
REF_013,Sun,strength_percentage,143.53,143.53,0.0,0.03,PASS,MUT_SHADBALA_STRENGTH_PERCENTAGE,YES
REF_013,Moon,sthana,211.14,211.14,0.0,0.03,PASS,MUT_SHADBALA_STHANA,YES
REF_013,Moon,uccha,53.64,53.64,0.0,0.03,PASS,MUT_SHADBALA_UCCHA,YES
REF_013,Moon,sapta_vargaja,127.5,127.5,0.0,0.03,PASS,MUT_SHADBALA_SAPTA_VARGAJA,YES
REF_013,Moon,ojha_yugma,0.0,0.0,0.0,0.03,PASS,MUT_SHADBALA_OJHA_YUGMA,YES
REF_013,Moon,kendradi,30.0,30.0,0.0,0.03,PASS,MUT_SHADBALA_KENDRADI,YES
REF_013,Moon,drekkana,0.0,0.0,0.0,0.03,PASS,MUT_SHADBALA_DREKKANA,YES
REF_013,Moon,dig,44.17,44.17,0.0,0.03,PASS,MUT_SHADBALA_DIG,YES
REF_013,Moon,kala,56.33,56.33,0.0,0.03,PASS,MUT_SHADBALA_KALA,YES
REF_013,Moon,cheshta,19.24,19.24,0.0,0.03,PASS,MUT_SHADBALA_CHESHTA,YES
REF_013,Moon,naisargika,51.43,51.43,0.0,0.03,PASS,MUT_SHADBALA_NAISARGIKA,YES
REF_013,Moon,drik,2.24,2.24,0.0,0.03,PASS,MUT_SHADBALA_DRIK,YES
REF_013,Moon,total_shashtiamsas,384.55,384.55,0.0,0.03,PASS,MUT_SHADBALA_TOTAL_SHASHTIAMSAS,YES
REF_013,Moon,total_rupas,6.41,6.41,0.0,0.03,PASS,MUT_SHADBALA_TOTAL_RUPAS,YES
REF_013,Moon,strength_percentage,106.82,106.82,0.0,0.03,PASS,MUT_SHADBALA_STRENGTH_PERCENTAGE,YES
REF_013,Mars,sthana,159.78,159.78,0.0,0.03,PASS,MUT_SHADBALA_STHANA,YES
REF_013,Mars,uccha,19.15,19.15,0.0,0.03,PASS,MUT_SHADBALA_UCCHA,YES
REF_013,Mars,sapta_vargaja,65.62,65.62,0.0,0.03,PASS,MUT_SHADBALA_SAPTA_VARGAJA,YES
REF_013,Mars,ojha_yugma,15.0,15.0,0.0,0.03,PASS,MUT_SHADBALA_OJHA_YUGMA,YES
REF_013,Mars,kendradi,60.0,60.0,0.0,0.03,PASS,MUT_SHADBALA_KENDRADI,YES
REF_013,Mars,drekkana,0.0,0.0,0.0,0.03,PASS,MUT_SHADBALA_DREKKANA,YES
REF_013,Mars,dig,38.02,38.02,0.0,0.03,PASS,MUT_SHADBALA_DIG,YES
REF_013,Mars,kala,86.11,86.11,0.0,0.03,PASS,MUT_SHADBALA_KALA,YES
REF_013,Mars,cheshta,60.0,60.0,0.0,0.03,PASS,MUT_SHADBALA_CHESHTA,YES
REF_013,Mars,naisargika,17.14,17.14,0.0,0.03,PASS,MUT_SHADBALA_NAISARGIKA,YES
REF_013,Mars,drik,7.43,7.43,0.0,0.03,PASS,MUT_SHADBALA_DRIK,YES
REF_013,Mars,total_shashtiamsas,368.47,368.47,0.0,0.03,PASS,MUT_SHADBALA_TOTAL_SHASHTIAMSAS,YES
REF_013,Mars,total_rupas,6.14,6.14,0.0,0.03,PASS,MUT_SHADBALA_TOTAL_RUPAS,YES
REF_013,Mars,strength_percentage,122.82,122.82,0.0,0.03,PASS,MUT_SHADBALA_STRENGTH_PERCENTAGE,YES
REF_013,Mercury,sthana,183.54,183.54,0.0,0.03,PASS,MUT_SHADBALA_STHANA,YES
REF_013,Mercury,uccha,18.54,18.54,0.0,0.03,PASS,MUT_SHADBALA_UCCHA,YES
REF_013,Mercury,sapta_vargaja,105.0,105.0,0.0,0.03,PASS,MUT_SHADBALA_SAPTA_VARGAJA,YES
REF_013,Mercury,ojha_yugma,15.0,15.0,0.0,0.03,PASS,MUT_SHADBALA_OJHA_YUGMA,YES
REF_013,Mercury,kendradi,30.0,30.0,0.0,0.03,PASS,MUT_SHADBALA_KENDRADI,YES
REF_013,Mercury,drekkana,15.0,15.0,0.0,0.03,PASS,MUT_SHADBALA_DREKKANA,YES
REF_013,Mercury,dig,45.86,45.86,0.0,0.03,PASS,MUT_SHADBALA_DIG,YES
REF_013,Mercury,kala,222.81,222.81,0.0,0.03,PASS,MUT_SHADBALA_KALA,YES
REF_013,Mercury,cheshta,30.0,30.0,0.0,0.03,PASS,MUT_SHADBALA_CHESHTA,YES
REF_013,Mercury,naisargika,25.7,25.7,0.0,0.03,PASS,MUT_SHADBALA_NAISARGIKA,YES
REF_013,Mercury,drik,4.07,4.07,0.0,0.03,PASS,MUT_SHADBALA_DRIK,YES
REF_013,Mercury,total_shashtiamsas,511.97,511.97,0.0,0.03,PASS,MUT_SHADBALA_TOTAL_SHASHTIAMSAS,YES
REF_013,Mercury,total_rupas,8.53,8.53,0.0,0.03,PASS,MUT_SHADBALA_TOTAL_RUPAS,YES
REF_013,Mercury,strength_percentage,121.9,121.9,0.0,0.03,PASS,MUT_SHADBALA_STRENGTH_PERCENTAGE,YES
REF_013,Jupiter,sthana,198.52,198.52,0.0,0.03,PASS,MUT_SHADBALA_STHANA,YES
REF_013,Jupiter,uccha,26.02,26.02,0.0,0.03,PASS,MUT_SHADBALA_UCCHA,YES
REF_013,Jupiter,sapta_vargaja,127.5,127.5,0.0,0.03,PASS,MUT_SHADBALA_SAPTA_VARGAJA,YES
REF_013,Jupiter,ojha_yugma,15.0,15.0,0.0,0.03,PASS,MUT_SHADBALA_OJHA_YUGMA,YES
REF_013,Jupiter,kendradi,30.0,30.0,0.0,0.03,PASS,MUT_SHADBALA_KENDRADI,YES
REF_013,Jupiter,drekkana,0.0,0.0,0.0,0.03,PASS,MUT_SHADBALA_DREKKANA,YES
REF_013,Jupiter,dig,15.04,15.04,0.0,0.03,PASS,MUT_SHADBALA_DIG,YES
REF_013,Jupiter,kala,155.27,155.27,0.0,0.03,PASS,MUT_SHADBALA_KALA,YES
REF_013,Jupiter,cheshta,60.0,60.0,0.0,0.03,PASS,MUT_SHADBALA_CHESHTA,YES
REF_013,Jupiter,naisargika,34.28,34.28,0.0,0.03,PASS,MUT_SHADBALA_NAISARGIKA,YES
REF_013,Jupiter,drik,13.59,13.59,0.0,0.03,PASS,MUT_SHADBALA_DRIK,YES
REF_013,Jupiter,total_shashtiamsas,476.69,476.69,0.0,0.03,PASS,MUT_SHADBALA_TOTAL_SHASHTIAMSAS,YES
REF_013,Jupiter,total_rupas,7.94,7.94,0.0,0.03,PASS,MUT_SHADBALA_TOTAL_RUPAS,YES
REF_013,Jupiter,strength_percentage,122.23,122.23,0.0,0.03,PASS,MUT_SHADBALA_STRENGTH_PERCENTAGE,YES
REF_013,Venus,sthana,137.82,137.82,0.0,0.03,PASS,MUT_SHADBALA_STHANA,YES
REF_013,Venus,uccha,32.82,32.82,0.0,0.03,PASS,MUT_SHADBALA_UCCHA,YES
REF_013,Venus,sapta_vargaja,60.0,60.0,0.0,0.03,PASS,MUT_SHADBALA_SAPTA_VARGAJA,YES
REF_013,Venus,ojha_yugma,15.0,15.0,0.0,0.03,PASS,MUT_SHADBALA_OJHA_YUGMA,YES
REF_013,Venus,kendradi,30.0,30.0,0.0,0.03,PASS,MUT_SHADBALA_KENDRADI,YES
REF_013,Venus,drekkana,0.0,0.0,0.0,0.03,PASS,MUT_SHADBALA_DREKKANA,YES
REF_013,Venus,dig,11.36,11.36,0.0,0.03,PASS,MUT_SHADBALA_DIG,YES
REF_013,Venus,kala,58.71,58.71,0.0,0.03,PASS,MUT_SHADBALA_KALA,YES
REF_013,Venus,cheshta,15.0,15.0,0.0,0.03,PASS,MUT_SHADBALA_CHESHTA,YES
REF_013,Venus,naisargika,42.85,42.85,0.0,0.03,PASS,MUT_SHADBALA_NAISARGIKA,YES
REF_013,Venus,drik,-6.59,-6.59,0.0,0.03,PASS,MUT_SHADBALA_DRIK,YES
REF_013,Venus,total_shashtiamsas,259.14,259.14,0.0,0.03,PASS,MUT_SHADBALA_TOTAL_SHASHTIAMSAS,YES
REF_013,Venus,total_rupas,4.32,4.32,0.0,0.03,PASS,MUT_SHADBALA_TOTAL_RUPAS,YES
REF_013,Venus,strength_percentage,78.53,78.53,0.0,0.03,PASS,MUT_SHADBALA_STRENGTH_PERCENTAGE,YES
REF_013,Saturn,sthana,148.36,148.36,0.0,0.03,PASS,MUT_SHADBALA_STHANA,YES
REF_013,Saturn,uccha,52.74,52.74,0.0,0.03,PASS,MUT_SHADBALA_UCCHA,YES
REF_013,Saturn,sapta_vargaja,35.62,35.62,0.0,0.03,PASS,MUT_SHADBALA_SAPTA_VARGAJA,YES
REF_013,Saturn,ojha_yugma,0.0,0.0,0.0,0.03,PASS,MUT_SHADBALA_OJHA_YUGMA,YES
REF_013,Saturn,kendradi,60.0,60.0,0.0,0.03,PASS,MUT_SHADBALA_KENDRADI,YES
REF_013,Saturn,drekkana,0.0,0.0,0.0,0.03,PASS,MUT_SHADBALA_DREKKANA,YES
REF_013,Saturn,dig,51.21,51.21,0.0,0.03,PASS,MUT_SHADBALA_DIG,YES
REF_013,Saturn,kala,106.57,106.57,0.0,0.03,PASS,MUT_SHADBALA_KALA,YES
REF_013,Saturn,cheshta,60.0,60.0,0.0,0.03,PASS,MUT_SHADBALA_CHESHTA,YES
REF_013,Saturn,naisargika,8.57,8.57,0.0,0.03,PASS,MUT_SHADBALA_NAISARGIKA,YES
REF_013,Saturn,drik,8.46,8.46,0.0,0.03,PASS,MUT_SHADBALA_DRIK,YES
REF_013,Saturn,total_shashtiamsas,383.17,383.17,0.0,0.03,PASS,MUT_SHADBALA_TOTAL_SHASHTIAMSAS,YES
REF_013,Saturn,total_rupas,6.39,6.39,0.0,0.03,PASS,MUT_SHADBALA_TOTAL_RUPAS,YES
REF_013,Saturn,strength_percentage,127.72,127.72,0.0,0.03,PASS,MUT_SHADBALA_STRENGTH_PERCENTAGE,YES
REF_014,Sun,sthana,211.19,211.19,0.0,0.03,PASS,MUT_SHADBALA_STHANA,YES
REF_014,Sun,uccha,23.69,23.69,0.0,0.03,PASS,MUT_SHADBALA_UCCHA,YES
REF_014,Sun,sapta_vargaja,127.5,127.5,0.0,0.03,PASS,MUT_SHADBALA_SAPTA_VARGAJA,YES
REF_014,Sun,ojha_yugma,0.0,0.0,0.0,0.03,PASS,MUT_SHADBALA_OJHA_YUGMA,YES
REF_014,Sun,kendradi,60.0,60.0,0.0,0.03,PASS,MUT_SHADBALA_KENDRADI,YES
REF_014,Sun,drekkana,0.0,0.0,0.0,0.03,PASS,MUT_SHADBALA_DREKKANA,YES
REF_014,Sun,dig,10.87,10.87,0.0,0.03,PASS,MUT_SHADBALA_DIG,YES
REF_014,Sun,kala,82.24,82.24,0.0,0.03,PASS,MUT_SHADBALA_KALA,YES
REF_014,Sun,cheshta,47.75,47.75,0.0,0.03,PASS,MUT_SHADBALA_CHESHTA,YES
REF_014,Sun,naisargika,60.0,60.0,0.0,0.03,PASS,MUT_SHADBALA_NAISARGIKA,YES
REF_014,Sun,drik,-1.09,-1.09,0.0,0.03,PASS,MUT_SHADBALA_DRIK,YES
REF_014,Sun,total_shashtiamsas,410.96,410.96,0.0,0.03,PASS,MUT_SHADBALA_TOTAL_SHASHTIAMSAS,YES
REF_014,Sun,total_rupas,6.85,6.85,0.0,0.03,PASS,MUT_SHADBALA_TOTAL_RUPAS,YES
REF_014,Sun,strength_percentage,136.99,136.99,0.0,0.03,PASS,MUT_SHADBALA_STRENGTH_PERCENTAGE,YES
REF_014,Moon,sthana,151.27,151.27,0.0,0.03,PASS,MUT_SHADBALA_STHANA,YES
REF_014,Moon,uccha,5.02,5.02,0.0,0.03,PASS,MUT_SHADBALA_UCCHA,YES
REF_014,Moon,sapta_vargaja,101.25,101.25,0.0,0.03,PASS,MUT_SHADBALA_SAPTA_VARGAJA,YES
REF_014,Moon,ojha_yugma,15.0,15.0,0.0,0.03,PASS,MUT_SHADBALA_OJHA_YUGMA,YES
REF_014,Moon,kendradi,30.0,30.0,0.0,0.03,PASS,MUT_SHADBALA_KENDRADI,YES
REF_014,Moon,drekkana,0.0,0.0,0.0,0.03,PASS,MUT_SHADBALA_DREKKANA,YES
REF_014,Moon,dig,12.75,12.75,0.0,0.03,PASS,MUT_SHADBALA_DIG,YES
REF_014,Moon,kala,188.36,188.36,0.0,0.03,PASS,MUT_SHADBALA_KALA,YES
REF_014,Moon,cheshta,36.38,36.38,0.0,0.03,PASS,MUT_SHADBALA_CHESHTA,YES
REF_014,Moon,naisargika,51.43,51.43,0.0,0.03,PASS,MUT_SHADBALA_NAISARGIKA,YES
REF_014,Moon,drik,-14.89,-14.89,0.0,0.03,PASS,MUT_SHADBALA_DRIK,YES
REF_014,Moon,total_shashtiamsas,425.31,425.31,0.0,0.03,PASS,MUT_SHADBALA_TOTAL_SHASHTIAMSAS,YES
REF_014,Moon,total_rupas,7.09,7.09,0.0,0.03,PASS,MUT_SHADBALA_TOTAL_RUPAS,YES
REF_014,Moon,strength_percentage,118.14,118.14,0.0,0.03,PASS,MUT_SHADBALA_STRENGTH_PERCENTAGE,YES
REF_014,Mars,sthana,163.72,163.72,0.0,0.03,PASS,MUT_SHADBALA_STHANA,YES
REF_014,Mars,uccha,17.47,17.47,0.0,0.03,PASS,MUT_SHADBALA_UCCHA,YES
REF_014,Mars,sapta_vargaja,101.25,101.25,0.0,0.03,PASS,MUT_SHADBALA_SAPTA_VARGAJA,YES
REF_014,Mars,ojha_yugma,15.0,15.0,0.0,0.03,PASS,MUT_SHADBALA_OJHA_YUGMA,YES
REF_014,Mars,kendradi,15.0,15.0,0.0,0.03,PASS,MUT_SHADBALA_KENDRADI,YES
REF_014,Mars,drekkana,15.0,15.0,0.0,0.03,PASS,MUT_SHADBALA_DREKKANA,YES
REF_014,Mars,dig,6.92,6.92,0.0,0.03,PASS,MUT_SHADBALA_DIG,YES
REF_014,Mars,kala,192.05,192.05,0.0,0.03,PASS,MUT_SHADBALA_KALA,YES
REF_014,Mars,cheshta,45.0,45.0,0.0,0.03,PASS,MUT_SHADBALA_CHESHTA,YES
REF_014,Mars,naisargika,17.14,17.14,0.0,0.03,PASS,MUT_SHADBALA_NAISARGIKA,YES
REF_014,Mars,drik,22.12,22.12,0.0,0.03,PASS,MUT_SHADBALA_DRIK,YES
REF_014,Mars,total_shashtiamsas,446.95,446.95,0.0,0.03,PASS,MUT_SHADBALA_TOTAL_SHASHTIAMSAS,YES
REF_014,Mars,total_rupas,7.45,7.45,0.0,0.03,PASS,MUT_SHADBALA_TOTAL_RUPAS,YES
REF_014,Mars,strength_percentage,148.98,148.98,0.0,0.03,PASS,MUT_SHADBALA_STRENGTH_PERCENTAGE,YES
REF_014,Mercury,sthana,248.08,248.08,0.0,0.03,PASS,MUT_SHADBALA_STHANA,YES
REF_014,Mercury,uccha,45.58,45.58,0.0,0.03,PASS,MUT_SHADBALA_UCCHA,YES
REF_014,Mercury,sapta_vargaja,142.5,142.5,0.0,0.03,PASS,MUT_SHADBALA_SAPTA_VARGAJA,YES
REF_014,Mercury,ojha_yugma,30.0,30.0,0.0,0.03,PASS,MUT_SHADBALA_OJHA_YUGMA,YES
REF_014,Mercury,kendradi,30.0,30.0,0.0,0.03,PASS,MUT_SHADBALA_KENDRADI,YES
REF_014,Mercury,drekkana,0.0,0.0,0.0,0.03,PASS,MUT_SHADBALA_DREKKANA,YES
REF_014,Mercury,dig,20.63,20.63,0.0,0.03,PASS,MUT_SHADBALA_DIG,YES
REF_014,Mercury,kala,172.97,172.97,0.0,0.03,PASS,MUT_SHADBALA_KALA,YES
REF_014,Mercury,cheshta,45.0,45.0,0.0,0.03,PASS,MUT_SHADBALA_CHESHTA,YES
REF_014,Mercury,naisargika,25.7,25.7,0.0,0.03,PASS,MUT_SHADBALA_NAISARGIKA,YES
REF_014,Mercury,drik,-3.54,-3.54,0.0,0.03,PASS,MUT_SHADBALA_DRIK,YES
REF_014,Mercury,total_shashtiamsas,508.84,508.84,0.0,0.03,PASS,MUT_SHADBALA_TOTAL_SHASHTIAMSAS,YES
REF_014,Mercury,total_rupas,8.48,8.48,0.0,0.03,PASS,MUT_SHADBALA_TOTAL_RUPAS,YES
REF_014,Mercury,strength_percentage,121.15,121.15,0.0,0.03,PASS,MUT_SHADBALA_STRENGTH_PERCENTAGE,YES
REF_014,Jupiter,sthana,218.29,218.29,0.0,0.03,PASS,MUT_SHADBALA_STHANA,YES
REF_014,Jupiter,uccha,27.04,27.04,0.0,0.03,PASS,MUT_SHADBALA_UCCHA,YES
REF_014,Jupiter,sapta_vargaja,101.25,101.25,0.0,0.03,PASS,MUT_SHADBALA_SAPTA_VARGAJA,YES
REF_014,Jupiter,ojha_yugma,30.0,30.0,0.0,0.03,PASS,MUT_SHADBALA_OJHA_YUGMA,YES
REF_014,Jupiter,kendradi,60.0,60.0,0.0,0.03,PASS,MUT_SHADBALA_KENDRADI,YES
REF_014,Jupiter,drekkana,0.0,0.0,0.0,0.03,PASS,MUT_SHADBALA_DREKKANA,YES
REF_014,Jupiter,dig,3.41,3.41,0.0,0.03,PASS,MUT_SHADBALA_DIG,YES
REF_014,Jupiter,kala,179.35,179.35,0.0,0.03,PASS,MUT_SHADBALA_KALA,YES
REF_014,Jupiter,cheshta,45.0,45.0,0.0,0.03,PASS,MUT_SHADBALA_CHESHTA,YES
REF_014,Jupiter,naisargika,34.28,34.28,0.0,0.03,PASS,MUT_SHADBALA_NAISARGIKA,YES
REF_014,Jupiter,drik,-8.54,-8.54,0.0,0.03,PASS,MUT_SHADBALA_DRIK,YES
REF_014,Jupiter,total_shashtiamsas,471.8,471.8,0.0,0.03,PASS,MUT_SHADBALA_TOTAL_SHASHTIAMSAS,YES
REF_014,Jupiter,total_rupas,7.86,7.86,0.0,0.03,PASS,MUT_SHADBALA_TOTAL_RUPAS,YES
REF_014,Jupiter,strength_percentage,120.97,120.97,0.0,0.03,PASS,MUT_SHADBALA_STRENGTH_PERCENTAGE,YES
REF_014,Venus,sthana,161.61,161.61,0.0,0.03,PASS,MUT_SHADBALA_STHANA,YES
REF_014,Venus,uccha,4.11,4.11,0.0,0.03,PASS,MUT_SHADBALA_UCCHA,YES
REF_014,Venus,sapta_vargaja,112.5,112.5,0.0,0.03,PASS,MUT_SHADBALA_SAPTA_VARGAJA,YES
REF_014,Venus,ojha_yugma,30.0,30.0,0.0,0.03,PASS,MUT_SHADBALA_OJHA_YUGMA,YES
REF_014,Venus,kendradi,15.0,15.0,0.0,0.03,PASS,MUT_SHADBALA_KENDRADI,YES
REF_014,Venus,drekkana,0.0,0.0,0.0,0.03,PASS,MUT_SHADBALA_DREKKANA,YES
REF_014,Venus,dig,33.88,33.88,0.0,0.03,PASS,MUT_SHADBALA_DIG,YES
REF_014,Venus,kala,87.94,87.94,0.0,0.03,PASS,MUT_SHADBALA_KALA,YES
REF_014,Venus,cheshta,15.0,15.0,0.0,0.03,PASS,MUT_SHADBALA_CHESHTA,YES
REF_014,Venus,naisargika,42.85,42.85,0.0,0.03,PASS,MUT_SHADBALA_NAISARGIKA,YES
REF_014,Venus,drik,-23.0,-23.0,0.0,0.03,PASS,MUT_SHADBALA_DRIK,YES
REF_014,Venus,total_shashtiamsas,318.28,318.28,0.0,0.03,PASS,MUT_SHADBALA_TOTAL_SHASHTIAMSAS,YES
REF_014,Venus,total_rupas,5.3,5.3,0.0,0.03,PASS,MUT_SHADBALA_TOTAL_RUPAS,YES
REF_014,Venus,strength_percentage,96.45,96.45,0.0,0.03,PASS,MUT_SHADBALA_STRENGTH_PERCENTAGE,YES
REF_014,Saturn,sthana,184.27,184.27,0.0,0.03,PASS,MUT_SHADBALA_STHANA,YES
REF_014,Saturn,uccha,21.14,21.14,0.0,0.03,PASS,MUT_SHADBALA_UCCHA,YES
REF_014,Saturn,sapta_vargaja,88.12,88.12,0.0,0.03,PASS,MUT_SHADBALA_SAPTA_VARGAJA,YES
REF_014,Saturn,ojha_yugma,30.0,30.0,0.0,0.03,PASS,MUT_SHADBALA_OJHA_YUGMA,YES
REF_014,Saturn,kendradi,30.0,30.0,0.0,0.03,PASS,MUT_SHADBALA_KENDRADI,YES
REF_014,Saturn,drekkana,15.0,15.0,0.0,0.03,PASS,MUT_SHADBALA_DREKKANA,YES
REF_014,Saturn,dig,15.69,15.69,0.0,0.03,PASS,MUT_SHADBALA_DIG,YES
REF_014,Saturn,kala,112.61,112.61,0.0,0.03,PASS,MUT_SHADBALA_KALA,YES
REF_014,Saturn,cheshta,60.0,60.0,0.0,0.03,PASS,MUT_SHADBALA_CHESHTA,YES
REF_014,Saturn,naisargika,8.57,8.57,0.0,0.03,PASS,MUT_SHADBALA_NAISARGIKA,YES
REF_014,Saturn,drik,13.54,13.54,0.0,0.03,PASS,MUT_SHADBALA_DRIK,YES
REF_014,Saturn,total_shashtiamsas,394.68,394.68,0.0,0.03,PASS,MUT_SHADBALA_TOTAL_SHASHTIAMSAS,YES
REF_014,Saturn,total_rupas,6.58,6.58,0.0,0.03,PASS,MUT_SHADBALA_TOTAL_RUPAS,YES
REF_014,Saturn,strength_percentage,131.56,131.56,0.0,0.03,PASS,MUT_SHADBALA_STRENGTH_PERCENTAGE,YES
REF_015,Sun,sthana,209.59,209.59,0.0,0.03,PASS,MUT_SHADBALA_STHANA,YES
REF_015,Sun,uccha,37.09,37.09,0.0,0.03,PASS,MUT_SHADBALA_UCCHA,YES
REF_015,Sun,sapta_vargaja,97.5,97.5,0.0,0.03,PASS,MUT_SHADBALA_SAPTA_VARGAJA,YES
REF_015,Sun,ojha_yugma,15.0,15.0,0.0,0.03,PASS,MUT_SHADBALA_OJHA_YUGMA,YES
REF_015,Sun,kendradi,60.0,60.0,0.0,0.03,PASS,MUT_SHADBALA_KENDRADI,YES
REF_015,Sun,drekkana,0.0,0.0,0.0,0.03,PASS,MUT_SHADBALA_DREKKANA,YES
REF_015,Sun,dig,24.83,24.83,0.0,0.03,PASS,MUT_SHADBALA_DIG,YES
REF_015,Sun,kala,136.53,136.53,0.0,0.03,PASS,MUT_SHADBALA_KALA,YES
REF_015,Sun,cheshta,58.59,58.59,0.0,0.03,PASS,MUT_SHADBALA_CHESHTA,YES
REF_015,Sun,naisargika,60.0,60.0,0.0,0.03,PASS,MUT_SHADBALA_NAISARGIKA,YES
REF_015,Sun,drik,-7.18,-7.18,0.0,0.03,PASS,MUT_SHADBALA_DRIK,YES
REF_015,Sun,total_shashtiamsas,482.35,482.35,0.0,0.03,PASS,MUT_SHADBALA_TOTAL_SHASHTIAMSAS,YES
REF_015,Sun,total_rupas,8.04,8.04,0.0,0.03,PASS,MUT_SHADBALA_TOTAL_RUPAS,YES
REF_015,Sun,strength_percentage,160.78,160.78,0.0,0.03,PASS,MUT_SHADBALA_STRENGTH_PERCENTAGE,YES
REF_015,Moon,sthana,231.64,231.64,0.0,0.03,PASS,MUT_SHADBALA_STHANA,YES
REF_015,Moon,uccha,51.64,51.64,0.0,0.03,PASS,MUT_SHADBALA_UCCHA,YES
REF_015,Moon,sapta_vargaja,120.0,120.0,0.0,0.03,PASS,MUT_SHADBALA_SAPTA_VARGAJA,YES
REF_015,Moon,ojha_yugma,30.0,30.0,0.0,0.03,PASS,MUT_SHADBALA_OJHA_YUGMA,YES
REF_015,Moon,kendradi,15.0,15.0,0.0,0.03,PASS,MUT_SHADBALA_KENDRADI,YES
REF_015,Moon,drekkana,15.0,15.0,0.0,0.03,PASS,MUT_SHADBALA_DREKKANA,YES
REF_015,Moon,dig,28.29,28.29,0.0,0.03,PASS,MUT_SHADBALA_DIG,YES
REF_015,Moon,kala,118.04,118.04,0.0,0.03,PASS,MUT_SHADBALA_KALA,YES
REF_015,Moon,cheshta,6.88,6.88,0.0,0.03,PASS,MUT_SHADBALA_CHESHTA,YES
REF_015,Moon,naisargika,51.43,51.43,0.0,0.03,PASS,MUT_SHADBALA_NAISARGIKA,YES
REF_015,Moon,drik,8.06,8.06,0.0,0.03,PASS,MUT_SHADBALA_DRIK,YES
REF_015,Moon,total_shashtiamsas,444.34,444.34,0.0,0.03,PASS,MUT_SHADBALA_TOTAL_SHASHTIAMSAS,YES
REF_015,Moon,total_rupas,7.41,7.41,0.0,0.03,PASS,MUT_SHADBALA_TOTAL_RUPAS,YES
REF_015,Moon,strength_percentage,123.43,123.43,0.0,0.03,PASS,MUT_SHADBALA_STRENGTH_PERCENTAGE,YES
REF_015,Mars,sthana,203.49,203.49,0.0,0.03,PASS,MUT_SHADBALA_STHANA,YES
REF_015,Mars,uccha,42.24,42.24,0.0,0.03,PASS,MUT_SHADBALA_UCCHA,YES
REF_015,Mars,sapta_vargaja,101.25,101.25,0.0,0.03,PASS,MUT_SHADBALA_SAPTA_VARGAJA,YES
REF_015,Mars,ojha_yugma,0.0,0.0,0.0,0.03,PASS,MUT_SHADBALA_OJHA_YUGMA,YES
REF_015,Mars,kendradi,60.0,60.0,0.0,0.03,PASS,MUT_SHADBALA_KENDRADI,YES
REF_015,Mars,drekkana,0.0,0.0,0.0,0.03,PASS,MUT_SHADBALA_DREKKANA,YES
REF_015,Mars,dig,53.97,53.97,0.0,0.03,PASS,MUT_SHADBALA_DIG,YES
REF_015,Mars,kala,125.98,125.98,0.0,0.03,PASS,MUT_SHADBALA_KALA,YES
REF_015,Mars,cheshta,45.0,45.0,0.0,0.03,PASS,MUT_SHADBALA_CHESHTA,YES
REF_015,Mars,naisargika,17.14,17.14,0.0,0.03,PASS,MUT_SHADBALA_NAISARGIKA,YES
REF_015,Mars,drik,19.59,19.59,0.0,0.03,PASS,MUT_SHADBALA_DRIK,YES
REF_015,Mars,total_shashtiamsas,465.17,465.17,0.0,0.03,PASS,MUT_SHADBALA_TOTAL_SHASHTIAMSAS,YES
REF_015,Mars,total_rupas,7.75,7.75,0.0,0.03,PASS,MUT_SHADBALA_TOTAL_RUPAS,YES
REF_015,Mars,strength_percentage,155.06,155.06,0.0,0.03,PASS,MUT_SHADBALA_STRENGTH_PERCENTAGE,YES
REF_015,Mercury,sthana,141.08,141.08,0.0,0.03,PASS,MUT_SHADBALA_STHANA,YES
REF_015,Mercury,uccha,39.83,39.83,0.0,0.03,PASS,MUT_SHADBALA_UCCHA,YES
REF_015,Mercury,sapta_vargaja,56.25,56.25,0.0,0.03,PASS,MUT_SHADBALA_SAPTA_VARGAJA,YES
REF_015,Mercury,ojha_yugma,0.0,0.0,0.0,0.03,PASS,MUT_SHADBALA_OJHA_YUGMA,YES
REF_015,Mercury,kendradi,30.0,30.0,0.0,0.03,PASS,MUT_SHADBALA_KENDRADI,YES
REF_015,Mercury,drekkana,15.0,15.0,0.0,0.03,PASS,MUT_SHADBALA_DREKKANA,YES
REF_015,Mercury,dig,49.35,49.35,0.0,0.03,PASS,MUT_SHADBALA_DIG,YES
REF_015,Mercury,kala,134.84,134.84,0.0,0.03,PASS,MUT_SHADBALA_KALA,YES
REF_015,Mercury,cheshta,30.0,30.0,0.0,0.03,PASS,MUT_SHADBALA_CHESHTA,YES
REF_015,Mercury,naisargika,25.7,25.7,0.0,0.03,PASS,MUT_SHADBALA_NAISARGIKA,YES
REF_015,Mercury,drik,-4.04,-4.04,0.0,0.03,PASS,MUT_SHADBALA_DRIK,YES
REF_015,Mercury,total_shashtiamsas,376.93,376.93,0.0,0.03,PASS,MUT_SHADBALA_TOTAL_SHASHTIAMSAS,YES
REF_015,Mercury,total_rupas,6.28,6.28,0.0,0.03,PASS,MUT_SHADBALA_TOTAL_RUPAS,YES
REF_015,Mercury,strength_percentage,89.75,89.75,0.0,0.03,PASS,MUT_SHADBALA_STRENGTH_PERCENTAGE,YES
REF_015,Jupiter,sthana,216.27,216.27,0.0,0.03,PASS,MUT_SHADBALA_STHANA,YES
REF_015,Jupiter,uccha,36.27,36.27,0.0,0.03,PASS,MUT_SHADBALA_UCCHA,YES
REF_015,Jupiter,sapta_vargaja,120.0,120.0,0.0,0.03,PASS,MUT_SHADBALA_SAPTA_VARGAJA,YES
REF_015,Jupiter,ojha_yugma,0.0,0.0,0.0,0.03,PASS,MUT_SHADBALA_OJHA_YUGMA,YES
REF_015,Jupiter,kendradi,60.0,60.0,0.0,0.03,PASS,MUT_SHADBALA_KENDRADI,YES
REF_015,Jupiter,drekkana,0.0,0.0,0.0,0.03,PASS,MUT_SHADBALA_DREKKANA,YES
REF_015,Jupiter,dig,28.79,28.79,0.0,0.03,PASS,MUT_SHADBALA_DIG,YES
REF_015,Jupiter,kala,176.57,176.57,0.0,0.03,PASS,MUT_SHADBALA_KALA,YES
REF_015,Jupiter,cheshta,30.0,30.0,0.0,0.03,PASS,MUT_SHADBALA_CHESHTA,YES
REF_015,Jupiter,naisargika,34.28,34.28,0.0,0.03,PASS,MUT_SHADBALA_NAISARGIKA,YES
REF_015,Jupiter,drik,-25.06,-25.06,0.0,0.03,PASS,MUT_SHADBALA_DRIK,YES
REF_015,Jupiter,total_shashtiamsas,460.85,460.85,0.0,0.03,PASS,MUT_SHADBALA_TOTAL_SHASHTIAMSAS,YES
REF_015,Jupiter,total_rupas,7.68,7.68,0.0,0.03,PASS,MUT_SHADBALA_TOTAL_RUPAS,YES
REF_015,Jupiter,strength_percentage,118.17,118.17,0.0,0.03,PASS,MUT_SHADBALA_STRENGTH_PERCENTAGE,YES
REF_015,Venus,sthana,140.66,140.66,0.0,0.03,PASS,MUT_SHADBALA_STHANA,YES
REF_015,Venus,uccha,24.41,24.41,0.0,0.03,PASS,MUT_SHADBALA_UCCHA,YES
REF_015,Venus,sapta_vargaja,56.25,56.25,0.0,0.03,PASS,MUT_SHADBALA_SAPTA_VARGAJA,YES
REF_015,Venus,ojha_yugma,30.0,30.0,0.0,0.03,PASS,MUT_SHADBALA_OJHA_YUGMA,YES
REF_015,Venus,kendradi,30.0,30.0,0.0,0.03,PASS,MUT_SHADBALA_KENDRADI,YES
REF_015,Venus,drekkana,0.0,0.0,0.0,0.03,PASS,MUT_SHADBALA_DREKKANA,YES
REF_015,Venus,dig,43.52,43.52,0.0,0.03,PASS,MUT_SHADBALA_DIG,YES
REF_015,Venus,kala,144.89,144.89,0.0,0.03,PASS,MUT_SHADBALA_KALA,YES
REF_015,Venus,cheshta,30.0,30.0,0.0,0.03,PASS,MUT_SHADBALA_CHESHTA,YES
REF_015,Venus,naisargika,42.85,42.85,0.0,0.03,PASS,MUT_SHADBALA_NAISARGIKA,YES
REF_015,Venus,drik,-4.31,-4.31,0.0,0.03,PASS,MUT_SHADBALA_DRIK,YES
REF_015,Venus,total_shashtiamsas,397.61,397.61,0.0,0.03,PASS,MUT_SHADBALA_TOTAL_SHASHTIAMSAS,YES
REF_015,Venus,total_rupas,6.63,6.63,0.0,0.03,PASS,MUT_SHADBALA_TOTAL_RUPAS,YES
REF_015,Venus,strength_percentage,120.49,120.49,0.0,0.03,PASS,MUT_SHADBALA_STRENGTH_PERCENTAGE,YES
REF_015,Saturn,sthana,144.83,144.83,0.0,0.03,PASS,MUT_SHADBALA_STHANA,YES
REF_015,Saturn,uccha,24.83,24.83,0.0,0.03,PASS,MUT_SHADBALA_UCCHA,YES
REF_015,Saturn,sapta_vargaja,75.0,75.0,0.0,0.03,PASS,MUT_SHADBALA_SAPTA_VARGAJA,YES
REF_015,Saturn,ojha_yugma,15.0,15.0,0.0,0.03,PASS,MUT_SHADBALA_OJHA_YUGMA,YES
REF_015,Saturn,kendradi,30.0,30.0,0.0,0.03,PASS,MUT_SHADBALA_KENDRADI,YES
REF_015,Saturn,drekkana,0.0,0.0,0.0,0.03,PASS,MUT_SHADBALA_DREKKANA,YES
REF_015,Saturn,dig,7.31,7.31,0.0,0.03,PASS,MUT_SHADBALA_DIG,YES
REF_015,Saturn,kala,92.52,92.52,0.0,0.03,PASS,MUT_SHADBALA_KALA,YES
REF_015,Saturn,cheshta,45.0,45.0,0.0,0.03,PASS,MUT_SHADBALA_CHESHTA,YES
REF_015,Saturn,naisargika,8.57,8.57,0.0,0.03,PASS,MUT_SHADBALA_NAISARGIKA,YES
REF_015,Saturn,drik,-7.79,-7.79,0.0,0.03,PASS,MUT_SHADBALA_DRIK,YES
REF_015,Saturn,total_shashtiamsas,290.44,290.44,0.0,0.03,PASS,MUT_SHADBALA_TOTAL_SHASHTIAMSAS,YES
REF_015,Saturn,total_rupas,4.84,4.84,0.0,0.03,PASS,MUT_SHADBALA_TOTAL_RUPAS,YES
REF_015,Saturn,strength_percentage,96.81,96.81,0.0,0.03,PASS,MUT_SHADBALA_STRENGTH_PERCENTAGE,YES
REF_016,Sun,sthana,251.25,251.25,0.0,0.03,PASS,MUT_SHADBALA_STHANA,YES
REF_016,Sun,uccha,60.0,60.0,0.0,0.03,PASS,MUT_SHADBALA_UCCHA,YES
REF_016,Sun,sapta_vargaja,116.25,116.25,0.0,0.03,PASS,MUT_SHADBALA_SAPTA_VARGAJA,YES
REF_016,Sun,ojha_yugma,15.0,15.0,0.0,0.03,PASS,MUT_SHADBALA_OJHA_YUGMA,YES
REF_016,Sun,kendradi,60.0,60.0,0.0,0.03,PASS,MUT_SHADBALA_KENDRADI,YES
REF_016,Sun,drekkana,0.0,0.0,0.0,0.03,PASS,MUT_SHADBALA_DREKKANA,YES
REF_016,Sun,dig,26.67,26.67,0.0,0.03,PASS,MUT_SHADBALA_DIG,YES
REF_016,Sun,kala,144.65,144.65,0.0,0.03,PASS,MUT_SHADBALA_KALA,YES
REF_016,Sun,cheshta,46.32,46.32,0.0,0.03,PASS,MUT_SHADBALA_CHESHTA,YES
REF_016,Sun,naisargika,60.0,60.0,0.0,0.03,PASS,MUT_SHADBALA_NAISARGIKA,YES
REF_016,Sun,drik,0.0,0.0,0.0,0.03,PASS,MUT_SHADBALA_DRIK,YES
REF_016,Sun,total_shashtiamsas,528.89,528.89,0.0,0.03,PASS,MUT_SHADBALA_TOTAL_SHASHTIAMSAS,YES
REF_016,Sun,total_rupas,8.81,8.81,0.0,0.03,PASS,MUT_SHADBALA_TOTAL_RUPAS,YES
REF_016,Sun,strength_percentage,176.3,176.3,0.0,0.03,PASS,MUT_SHADBALA_STRENGTH_PERCENTAGE,YES
REF_016,Moon,sthana,139.0,139.0,0.0,0.03,PASS,MUT_SHADBALA_STHANA,YES
REF_016,Moon,uccha,49.0,49.0,0.0,0.03,PASS,MUT_SHADBALA_UCCHA,YES
REF_016,Moon,sapta_vargaja,30.0,30.0,0.0,0.03,PASS,MUT_SHADBALA_SAPTA_VARGAJA,YES
REF_016,Moon,ojha_yugma,0.0,0.0,0.0,0.03,PASS,MUT_SHADBALA_OJHA_YUGMA,YES
REF_016,Moon,kendradi,60.0,60.0,0.0,0.03,PASS,MUT_SHADBALA_KENDRADI,YES
REF_016,Moon,drekkana,0.0,0.0,0.0,0.03,PASS,MUT_SHADBALA_DREKKANA,YES
REF_016,Moon,dig,30.0,30.0,0.0,0.03,PASS,MUT_SHADBALA_DIG,YES
REF_016,Moon,kala,144.82,144.82,0.0,0.03,PASS,MUT_SHADBALA_KALA,YES
REF_016,Moon,cheshta,3.33,3.33,0.0,0.03,PASS,MUT_SHADBALA_CHESHTA,YES
REF_016,Moon,naisargika,51.43,51.43,0.0,0.03,PASS,MUT_SHADBALA_NAISARGIKA,YES
REF_016,Moon,drik,0.0,0.0,0.0,0.03,PASS,MUT_SHADBALA_DRIK,YES
REF_016,Moon,total_shashtiamsas,368.58,368.58,0.0,0.03,PASS,MUT_SHADBALA_TOTAL_SHASHTIAMSAS,YES
REF_016,Moon,total_rupas,6.14,6.14,0.0,0.03,PASS,MUT_SHADBALA_TOTAL_RUPAS,YES
REF_016,Moon,strength_percentage,102.38,102.38,0.0,0.03,PASS,MUT_SHADBALA_STRENGTH_PERCENTAGE,YES
REF_016,Mars,sthana,331.83,331.83,0.0,0.03,PASS,MUT_SHADBALA_STHANA,YES
REF_016,Mars,uccha,39.33,39.33,0.0,0.03,PASS,MUT_SHADBALA_UCCHA,YES
REF_016,Mars,sapta_vargaja,187.5,187.5,0.0,0.03,PASS,MUT_SHADBALA_SAPTA_VARGAJA,YES
REF_016,Mars,ojha_yugma,30.0,30.0,0.0,0.03,PASS,MUT_SHADBALA_OJHA_YUGMA,YES
REF_016,Mars,kendradi,60.0,60.0,0.0,0.03,PASS,MUT_SHADBALA_KENDRADI,YES
REF_016,Mars,drekkana,15.0,15.0,0.0,0.03,PASS,MUT_SHADBALA_DREKKANA,YES
REF_016,Mars,dig,30.0,30.0,0.0,0.03,PASS,MUT_SHADBALA_DIG,YES
REF_016,Mars,kala,131.85,131.85,0.0,0.03,PASS,MUT_SHADBALA_KALA,YES
REF_016,Mars,cheshta,45.0,45.0,0.0,0.03,PASS,MUT_SHADBALA_CHESHTA,YES
REF_016,Mars,naisargika,17.14,17.14,0.0,0.03,PASS,MUT_SHADBALA_NAISARGIKA,YES
REF_016,Mars,drik,0.0,0.0,0.0,0.03,PASS,MUT_SHADBALA_DRIK,YES
REF_016,Mars,total_shashtiamsas,555.82,555.82,0.0,0.03,PASS,MUT_SHADBALA_TOTAL_SHASHTIAMSAS,YES
REF_016,Mars,total_rupas,9.26,9.26,0.0,0.03,PASS,MUT_SHADBALA_TOTAL_RUPAS,YES
REF_016,Mars,strength_percentage,185.27,185.27,0.0,0.03,PASS,MUT_SHADBALA_STRENGTH_PERCENTAGE,YES
REF_016,Mercury,sthana,125.0,125.0,0.0,0.03,PASS,MUT_SHADBALA_STHANA,YES
REF_016,Mercury,uccha,5.0,5.0,0.0,0.03,PASS,MUT_SHADBALA_UCCHA,YES
REF_016,Mercury,sapta_vargaja,30.0,30.0,0.0,0.03,PASS,MUT_SHADBALA_SAPTA_VARGAJA,YES
REF_016,Mercury,ojha_yugma,30.0,30.0,0.0,0.03,PASS,MUT_SHADBALA_OJHA_YUGMA,YES
REF_016,Mercury,kendradi,60.0,60.0,0.0,0.03,PASS,MUT_SHADBALA_KENDRADI,YES
REF_016,Mercury,drekkana,0.0,0.0,0.0,0.03,PASS,MUT_SHADBALA_DREKKANA,YES
REF_016,Mercury,dig,60.0,60.0,0.0,0.03,PASS,MUT_SHADBALA_DIG,YES
REF_016,Mercury,kala,105.18,105.18,0.0,0.03,PASS,MUT_SHADBALA_KALA,YES
REF_016,Mercury,cheshta,15.0,15.0,0.0,0.03,PASS,MUT_SHADBALA_CHESHTA,YES
REF_016,Mercury,naisargika,25.7,25.7,0.0,0.03,PASS,MUT_SHADBALA_NAISARGIKA,YES
REF_016,Mercury,drik,0.0,0.0,0.0,0.03,PASS,MUT_SHADBALA_DRIK,YES
REF_016,Mercury,total_shashtiamsas,330.88,330.88,0.0,0.03,PASS,MUT_SHADBALA_TOTAL_SHASHTIAMSAS,YES
REF_016,Mercury,total_rupas,5.51,5.51,0.0,0.03,PASS,MUT_SHADBALA_TOTAL_RUPAS,YES
REF_016,Mercury,strength_percentage,78.78,78.78,0.0,0.03,PASS,MUT_SHADBALA_STRENGTH_PERCENTAGE,YES
REF_016,Jupiter,sthana,185.83,185.83,0.0,0.03,PASS,MUT_SHADBALA_STHANA,YES
REF_016,Jupiter,uccha,28.33,28.33,0.0,0.03,PASS,MUT_SHADBALA_UCCHA,YES
REF_016,Jupiter,sapta_vargaja,52.5,52.5,0.0,0.03,PASS,MUT_SHADBALA_SAPTA_VARGAJA,YES
REF_016,Jupiter,ojha_yugma,30.0,30.0,0.0,0.03,PASS,MUT_SHADBALA_OJHA_YUGMA,YES
REF_016,Jupiter,kendradi,60.0,60.0,0.0,0.03,PASS,MUT_SHADBALA_KENDRADI,YES
REF_016,Jupiter,drekkana,15.0,15.0,0.0,0.03,PASS,MUT_SHADBALA_DREKKANA,YES
REF_016,Jupiter,dig,60.0,60.0,0.0,0.03,PASS,MUT_SHADBALA_DIG,YES
REF_016,Jupiter,kala,131.85,131.85,0.0,0.03,PASS,MUT_SHADBALA_KALA,YES
REF_016,Jupiter,cheshta,45.0,45.0,0.0,0.03,PASS,MUT_SHADBALA_CHESHTA,YES
REF_016,Jupiter,naisargika,34.28,34.28,0.0,0.03,PASS,MUT_SHADBALA_NAISARGIKA,YES
REF_016,Jupiter,drik,0.0,0.0,0.0,0.03,PASS,MUT_SHADBALA_DRIK,YES
REF_016,Jupiter,total_shashtiamsas,456.96,456.96,0.0,0.03,PASS,MUT_SHADBALA_TOTAL_SHASHTIAMSAS,YES
REF_016,Jupiter,total_rupas,7.62,7.62,0.0,0.03,PASS,MUT_SHADBALA_TOTAL_RUPAS,YES
REF_016,Jupiter,strength_percentage,117.17,117.17,0.0,0.03,PASS,MUT_SHADBALA_STRENGTH_PERCENTAGE,YES
REF_016,Venus,sthana,143.38,143.38,0.0,0.03,PASS,MUT_SHADBALA_STHANA,YES
REF_016,Venus,uccha,59.0,59.0,0.0,0.03,PASS,MUT_SHADBALA_UCCHA,YES
REF_016,Venus,sapta_vargaja,24.38,24.38,0.0,0.03,PASS,MUT_SHADBALA_SAPTA_VARGAJA,YES
REF_016,Venus,ojha_yugma,0.0,0.0,0.0,0.03,PASS,MUT_SHADBALA_OJHA_YUGMA,YES
REF_016,Venus,kendradi,60.0,60.0,0.0,0.03,PASS,MUT_SHADBALA_KENDRADI,YES
REF_016,Venus,drekkana,0.0,0.0,0.0,0.03,PASS,MUT_SHADBALA_DREKKANA,YES
REF_016,Venus,dig,30.0,30.0,0.0,0.03,PASS,MUT_SHADBALA_DIG,YES
REF_016,Venus,kala,131.85,131.85,0.0,0.03,PASS,MUT_SHADBALA_KALA,YES
REF_016,Venus,cheshta,15.0,15.0,0.0,0.03,PASS,MUT_SHADBALA_CHESHTA,YES
REF_016,Venus,naisargika,42.85,42.85,0.0,0.03,PASS,MUT_SHADBALA_NAISARGIKA,YES
REF_016,Venus,drik,0.0,0.0,0.0,0.03,PASS,MUT_SHADBALA_DRIK,YES
REF_016,Venus,total_shashtiamsas,363.08,363.08,0.0,0.03,PASS,MUT_SHADBALA_TOTAL_SHASHTIAMSAS,YES
REF_016,Venus,total_rupas,6.05,6.05,0.0,0.03,PASS,MUT_SHADBALA_TOTAL_RUPAS,YES
REF_016,Venus,strength_percentage,110.02,110.02,0.0,0.03,PASS,MUT_SHADBALA_STRENGTH_PERCENTAGE,YES
REF_016,Saturn,sthana,109.79,109.79,0.0,0.03,PASS,MUT_SHADBALA_STHANA,YES
REF_016,Saturn,uccha,6.67,6.67,0.0,0.03,PASS,MUT_SHADBALA_UCCHA,YES
REF_016,Saturn,sapta_vargaja,13.12,13.12,0.0,0.03,PASS,MUT_SHADBALA_SAPTA_VARGAJA,YES
REF_016,Saturn,ojha_yugma,30.0,30.0,0.0,0.03,PASS,MUT_SHADBALA_OJHA_YUGMA,YES
REF_016,Saturn,kendradi,60.0,60.0,0.0,0.03,PASS,MUT_SHADBALA_KENDRADI,YES
REF_016,Saturn,drekkana,0.0,0.0,0.0,0.03,PASS,MUT_SHADBALA_DREKKANA,YES
REF_016,Saturn,dig,0.0,0.0,0.0,0.03,PASS,MUT_SHADBALA_DIG,YES
REF_016,Saturn,kala,153.15,153.15,0.0,0.03,PASS,MUT_SHADBALA_KALA,YES
REF_016,Saturn,cheshta,45.0,45.0,0.0,0.03,PASS,MUT_SHADBALA_CHESHTA,YES
REF_016,Saturn,naisargika,8.57,8.57,0.0,0.03,PASS,MUT_SHADBALA_NAISARGIKA,YES
REF_016,Saturn,drik,0.0,0.0,0.0,0.03,PASS,MUT_SHADBALA_DRIK,YES
REF_016,Saturn,total_shashtiamsas,316.51,316.51,0.0,0.03,PASS,MUT_SHADBALA_TOTAL_SHASHTIAMSAS,YES
REF_016,Saturn,total_rupas,5.28,5.28,0.0,0.03,PASS,MUT_SHADBALA_TOTAL_RUPAS,YES
REF_016,Saturn,strength_percentage,105.5,105.5,0.0,0.03,PASS,MUT_SHADBALA_STRENGTH_PERCENTAGE,YES
REF_017,Sun,sthana,127.5,127.5,0.0,0.03,PASS,MUT_SHADBALA_STHANA,YES
REF_017,Sun,uccha,0.0,0.0,0.0,0.03,PASS,MUT_SHADBALA_UCCHA,YES
REF_017,Sun,sapta_vargaja,52.5,52.5,0.0,0.03,PASS,MUT_SHADBALA_SAPTA_VARGAJA,YES
REF_017,Sun,ojha_yugma,15.0,15.0,0.0,0.03,PASS,MUT_SHADBALA_OJHA_YUGMA,YES
REF_017,Sun,kendradi,60.0,60.0,0.0,0.03,PASS,MUT_SHADBALA_KENDRADI,YES
REF_017,Sun,drekkana,0.0,0.0,0.0,0.03,PASS,MUT_SHADBALA_DREKKANA,YES
REF_017,Sun,dig,33.33,33.33,0.0,0.03,PASS,MUT_SHADBALA_DIG,YES
REF_017,Sun,kala,65.35,65.35,0.0,0.03,PASS,MUT_SHADBALA_KALA,YES
REF_017,Sun,cheshta,13.68,13.68,0.0,0.03,PASS,MUT_SHADBALA_CHESHTA,YES
REF_017,Sun,naisargika,60.0,60.0,0.0,0.03,PASS,MUT_SHADBALA_NAISARGIKA,YES
REF_017,Sun,drik,27.5,27.5,0.0,0.03,PASS,MUT_SHADBALA_DRIK,YES
REF_017,Sun,total_shashtiamsas,327.36,327.36,0.0,0.03,PASS,MUT_SHADBALA_TOTAL_SHASHTIAMSAS,YES
REF_017,Sun,total_rupas,5.46,5.46,0.0,0.03,PASS,MUT_SHADBALA_TOTAL_RUPAS,YES
REF_017,Sun,strength_percentage,109.12,109.12,0.0,0.03,PASS,MUT_SHADBALA_STRENGTH_PERCENTAGE,YES
REF_017,Moon,sthana,139.0,139.0,0.0,0.03,PASS,MUT_SHADBALA_STHANA,YES
REF_017,Moon,uccha,49.0,49.0,0.0,0.03,PASS,MUT_SHADBALA_UCCHA,YES
REF_017,Moon,sapta_vargaja,30.0,30.0,0.0,0.03,PASS,MUT_SHADBALA_SAPTA_VARGAJA,YES
REF_017,Moon,ojha_yugma,0.0,0.0,0.0,0.03,PASS,MUT_SHADBALA_OJHA_YUGMA,YES
REF_017,Moon,kendradi,60.0,60.0,0.0,0.03,PASS,MUT_SHADBALA_KENDRADI,YES
REF_017,Moon,drekkana,0.0,0.0,0.0,0.03,PASS,MUT_SHADBALA_DREKKANA,YES
REF_017,Moon,dig,30.0,30.0,0.0,0.03,PASS,MUT_SHADBALA_DIG,YES
REF_017,Moon,kala,191.49,191.49,0.0,0.03,PASS,MUT_SHADBALA_KALA,YES
REF_017,Moon,cheshta,56.67,56.67,0.0,0.03,PASS,MUT_SHADBALA_CHESHTA,YES
REF_017,Moon,naisargika,51.43,51.43,0.0,0.03,PASS,MUT_SHADBALA_NAISARGIKA,YES
REF_017,Moon,drik,-10.0,-10.0,0.0,0.03,PASS,MUT_SHADBALA_DRIK,YES
REF_017,Moon,total_shashtiamsas,458.59,458.59,0.0,0.03,PASS,MUT_SHADBALA_TOTAL_SHASHTIAMSAS,YES
REF_017,Moon,total_rupas,7.64,7.64,0.0,0.03,PASS,MUT_SHADBALA_TOTAL_RUPAS,YES
REF_017,Moon,strength_percentage,127.39,127.39,0.0,0.03,PASS,MUT_SHADBALA_STRENGTH_PERCENTAGE,YES
REF_017,Mars,sthana,331.83,331.83,0.0,0.03,PASS,MUT_SHADBALA_STHANA,YES
REF_017,Mars,uccha,39.33,39.33,0.0,0.03,PASS,MUT_SHADBALA_UCCHA,YES
REF_017,Mars,sapta_vargaja,187.5,187.5,0.0,0.03,PASS,MUT_SHADBALA_SAPTA_VARGAJA,YES
REF_017,Mars,ojha_yugma,30.0,30.0,0.0,0.03,PASS,MUT_SHADBALA_OJHA_YUGMA,YES
REF_017,Mars,kendradi,60.0,60.0,0.0,0.03,PASS,MUT_SHADBALA_KENDRADI,YES
REF_017,Mars,drekkana,15.0,15.0,0.0,0.03,PASS,MUT_SHADBALA_DREKKANA,YES
REF_017,Mars,dig,30.0,30.0,0.0,0.03,PASS,MUT_SHADBALA_DIG,YES
REF_017,Mars,kala,71.85,71.85,0.0,0.03,PASS,MUT_SHADBALA_KALA,YES
REF_017,Mars,cheshta,45.0,45.0,0.0,0.03,PASS,MUT_SHADBALA_CHESHTA,YES
REF_017,Mars,naisargika,17.14,17.14,0.0,0.03,PASS,MUT_SHADBALA_NAISARGIKA,YES
REF_017,Mars,drik,-10.0,-10.0,0.0,0.03,PASS,MUT_SHADBALA_DRIK,YES
REF_017,Mars,total_shashtiamsas,485.82,485.82,0.0,0.03,PASS,MUT_SHADBALA_TOTAL_SHASHTIAMSAS,YES
REF_017,Mars,total_rupas,8.1,8.1,0.0,0.03,PASS,MUT_SHADBALA_TOTAL_RUPAS,YES
REF_017,Mars,strength_percentage,161.94,161.94,0.0,0.03,PASS,MUT_SHADBALA_STRENGTH_PERCENTAGE,YES
REF_017,Mercury,sthana,125.0,125.0,0.0,0.03,PASS,MUT_SHADBALA_STHANA,YES
REF_017,Mercury,uccha,5.0,5.0,0.0,0.03,PASS,MUT_SHADBALA_UCCHA,YES
REF_017,Mercury,sapta_vargaja,30.0,30.0,0.0,0.03,PASS,MUT_SHADBALA_SAPTA_VARGAJA,YES
REF_017,Mercury,ojha_yugma,30.0,30.0,0.0,0.03,PASS,MUT_SHADBALA_OJHA_YUGMA,YES
REF_017,Mercury,kendradi,60.0,60.0,0.0,0.03,PASS,MUT_SHADBALA_KENDRADI,YES
REF_017,Mercury,drekkana,0.0,0.0,0.0,0.03,PASS,MUT_SHADBALA_DREKKANA,YES
REF_017,Mercury,dig,60.0,60.0,0.0,0.03,PASS,MUT_SHADBALA_DIG,YES
REF_017,Mercury,kala,158.51,158.51,0.0,0.03,PASS,MUT_SHADBALA_KALA,YES
REF_017,Mercury,cheshta,15.0,15.0,0.0,0.03,PASS,MUT_SHADBALA_CHESHTA,YES
REF_017,Mercury,naisargika,25.7,25.7,0.0,0.03,PASS,MUT_SHADBALA_NAISARGIKA,YES
REF_017,Mercury,drik,-10.0,-10.0,0.0,0.03,PASS,MUT_SHADBALA_DRIK,YES
REF_017,Mercury,total_shashtiamsas,374.21,374.21,0.0,0.03,PASS,MUT_SHADBALA_TOTAL_SHASHTIAMSAS,YES
REF_017,Mercury,total_rupas,6.24,6.24,0.0,0.03,PASS,MUT_SHADBALA_TOTAL_RUPAS,YES
REF_017,Mercury,strength_percentage,89.1,89.1,0.0,0.03,PASS,MUT_SHADBALA_STRENGTH_PERCENTAGE,YES
REF_017,Jupiter,sthana,185.83,185.83,0.0,0.03,PASS,MUT_SHADBALA_STHANA,YES
REF_017,Jupiter,uccha,28.33,28.33,0.0,0.03,PASS,MUT_SHADBALA_UCCHA,YES
REF_017,Jupiter,sapta_vargaja,52.5,52.5,0.0,0.03,PASS,MUT_SHADBALA_SAPTA_VARGAJA,YES
REF_017,Jupiter,ojha_yugma,30.0,30.0,0.0,0.03,PASS,MUT_SHADBALA_OJHA_YUGMA,YES
REF_017,Jupiter,kendradi,60.0,60.0,0.0,0.03,PASS,MUT_SHADBALA_KENDRADI,YES
REF_017,Jupiter,drekkana,15.0,15.0,0.0,0.03,PASS,MUT_SHADBALA_DREKKANA,YES
REF_017,Jupiter,dig,60.0,60.0,0.0,0.03,PASS,MUT_SHADBALA_DIG,YES
REF_017,Jupiter,kala,191.85,191.85,0.0,0.03,PASS,MUT_SHADBALA_KALA,YES
REF_017,Jupiter,cheshta,45.0,45.0,0.0,0.03,PASS,MUT_SHADBALA_CHESHTA,YES
REF_017,Jupiter,naisargika,34.28,34.28,0.0,0.03,PASS,MUT_SHADBALA_NAISARGIKA,YES
REF_017,Jupiter,drik,-10.0,-10.0,0.0,0.03,PASS,MUT_SHADBALA_DRIK,YES
REF_017,Jupiter,total_shashtiamsas,506.96,506.96,0.0,0.03,PASS,MUT_SHADBALA_TOTAL_SHASHTIAMSAS,YES
REF_017,Jupiter,total_rupas,8.45,8.45,0.0,0.03,PASS,MUT_SHADBALA_TOTAL_RUPAS,YES
REF_017,Jupiter,strength_percentage,129.99,129.99,0.0,0.03,PASS,MUT_SHADBALA_STRENGTH_PERCENTAGE,YES
REF_017,Venus,sthana,143.38,143.38,0.0,0.03,PASS,MUT_SHADBALA_STHANA,YES
REF_017,Venus,uccha,59.0,59.0,0.0,0.03,PASS,MUT_SHADBALA_UCCHA,YES
REF_017,Venus,sapta_vargaja,24.38,24.38,0.0,0.03,PASS,MUT_SHADBALA_SAPTA_VARGAJA,YES
REF_017,Venus,ojha_yugma,0.0,0.0,0.0,0.03,PASS,MUT_SHADBALA_OJHA_YUGMA,YES
REF_017,Venus,kendradi,60.0,60.0,0.0,0.03,PASS,MUT_SHADBALA_KENDRADI,YES
REF_017,Venus,drekkana,0.0,0.0,0.0,0.03,PASS,MUT_SHADBALA_DREKKANA,YES
REF_017,Venus,dig,30.0,30.0,0.0,0.03,PASS,MUT_SHADBALA_DIG,YES
REF_017,Venus,kala,131.85,131.85,0.0,0.03,PASS,MUT_SHADBALA_KALA,YES
REF_017,Venus,cheshta,15.0,15.0,0.0,0.03,PASS,MUT_SHADBALA_CHESHTA,YES
REF_017,Venus,naisargika,42.85,42.85,0.0,0.03,PASS,MUT_SHADBALA_NAISARGIKA,YES
REF_017,Venus,drik,-10.0,-10.0,0.0,0.03,PASS,MUT_SHADBALA_DRIK,YES
REF_017,Venus,total_shashtiamsas,353.08,353.08,0.0,0.03,PASS,MUT_SHADBALA_TOTAL_SHASHTIAMSAS,YES
REF_017,Venus,total_rupas,5.88,5.88,0.0,0.03,PASS,MUT_SHADBALA_TOTAL_RUPAS,YES
REF_017,Venus,strength_percentage,106.99,106.99,0.0,0.03,PASS,MUT_SHADBALA_STRENGTH_PERCENTAGE,YES
REF_017,Saturn,sthana,109.79,109.79,0.0,0.03,PASS,MUT_SHADBALA_STHANA,YES
REF_017,Saturn,uccha,6.67,6.67,0.0,0.03,PASS,MUT_SHADBALA_UCCHA,YES
REF_017,Saturn,sapta_vargaja,13.12,13.12,0.0,0.03,PASS,MUT_SHADBALA_SAPTA_VARGAJA,YES
REF_017,Saturn,ojha_yugma,30.0,30.0,0.0,0.03,PASS,MUT_SHADBALA_OJHA_YUGMA,YES
REF_017,Saturn,kendradi,60.0,60.0,0.0,0.03,PASS,MUT_SHADBALA_KENDRADI,YES
REF_017,Saturn,drekkana,0.0,0.0,0.0,0.03,PASS,MUT_SHADBALA_DREKKANA,YES
REF_017,Saturn,dig,0.0,0.0,0.0,0.03,PASS,MUT_SHADBALA_DIG,YES
REF_017,Saturn,kala,153.15,153.15,0.0,0.03,PASS,MUT_SHADBALA_KALA,YES
REF_017,Saturn,cheshta,45.0,45.0,0.0,0.03,PASS,MUT_SHADBALA_CHESHTA,YES
REF_017,Saturn,naisargika,8.57,8.57,0.0,0.03,PASS,MUT_SHADBALA_NAISARGIKA,YES
REF_017,Saturn,drik,-10.0,-10.0,0.0,0.03,PASS,MUT_SHADBALA_DRIK,YES
REF_017,Saturn,total_shashtiamsas,306.51,306.51,0.0,0.03,PASS,MUT_SHADBALA_TOTAL_SHASHTIAMSAS,YES
REF_017,Saturn,total_rupas,5.11,5.11,0.0,0.03,PASS,MUT_SHADBALA_TOTAL_RUPAS,YES
REF_017,Saturn,strength_percentage,102.17,102.17,0.0,0.03,PASS,MUT_SHADBALA_STRENGTH_PERCENTAGE,YES
REF_018,Sun,sthana,184.17,184.17,0.0,0.03,PASS,MUT_SHADBALA_STHANA,YES
REF_018,Sun,uccha,26.67,26.67,0.0,0.03,PASS,MUT_SHADBALA_UCCHA,YES
REF_018,Sun,sapta_vargaja,82.5,82.5,0.0,0.03,PASS,MUT_SHADBALA_SAPTA_VARGAJA,YES
REF_018,Sun,ojha_yugma,0.0,0.0,0.0,0.03,PASS,MUT_SHADBALA_OJHA_YUGMA,YES
REF_018,Sun,kendradi,60.0,60.0,0.0,0.03,PASS,MUT_SHADBALA_KENDRADI,YES
REF_018,Sun,drekkana,15.0,15.0,0.0,0.03,PASS,MUT_SHADBALA_DREKKANA,YES
REF_018,Sun,dig,60.0,60.0,0.0,0.03,PASS,MUT_SHADBALA_DIG,YES
REF_018,Sun,kala,168.2,168.2,0.0,0.03,PASS,MUT_SHADBALA_KALA,YES
REF_018,Sun,cheshta,3.2,3.2,0.0,0.03,PASS,MUT_SHADBALA_CHESHTA,YES
REF_018,Sun,naisargika,60.0,60.0,0.0,0.03,PASS,MUT_SHADBALA_NAISARGIKA,YES
REF_018,Sun,drik,22.5,22.5,0.0,0.03,PASS,MUT_SHADBALA_DRIK,YES
REF_018,Sun,total_shashtiamsas,498.07,498.07,0.0,0.03,PASS,MUT_SHADBALA_TOTAL_SHASHTIAMSAS,YES
REF_018,Sun,total_rupas,8.3,8.3,0.0,0.03,PASS,MUT_SHADBALA_TOTAL_RUPAS,YES
REF_018,Sun,strength_percentage,166.02,166.02,0.0,0.03,PASS,MUT_SHADBALA_STRENGTH_PERCENTAGE,YES
REF_018,Moon,sthana,127.25,127.25,0.0,0.03,PASS,MUT_SHADBALA_STHANA,YES
REF_018,Moon,uccha,11.0,11.0,0.0,0.03,PASS,MUT_SHADBALA_UCCHA,YES
REF_018,Moon,sapta_vargaja,56.25,56.25,0.0,0.03,PASS,MUT_SHADBALA_SAPTA_VARGAJA,YES
REF_018,Moon,ojha_yugma,0.0,0.0,0.0,0.03,PASS,MUT_SHADBALA_OJHA_YUGMA,YES
REF_018,Moon,kendradi,60.0,60.0,0.0,0.03,PASS,MUT_SHADBALA_KENDRADI,YES
REF_018,Moon,drekkana,0.0,0.0,0.0,0.03,PASS,MUT_SHADBALA_DREKKANA,YES
REF_018,Moon,dig,30.0,30.0,0.0,0.03,PASS,MUT_SHADBALA_DIG,YES
REF_018,Moon,kala,161.85,161.85,0.0,0.03,PASS,MUT_SHADBALA_KALA,YES
REF_018,Moon,cheshta,30.0,30.0,0.0,0.03,PASS,MUT_SHADBALA_CHESHTA,YES
REF_018,Moon,naisargika,51.43,51.43,0.0,0.03,PASS,MUT_SHADBALA_NAISARGIKA,YES
REF_018,Moon,drik,22.5,22.5,0.0,0.03,PASS,MUT_SHADBALA_DRIK,YES
REF_018,Moon,total_shashtiamsas,423.03,423.03,0.0,0.03,PASS,MUT_SHADBALA_TOTAL_SHASHTIAMSAS,YES
REF_018,Moon,total_rupas,7.05,7.05,0.0,0.03,PASS,MUT_SHADBALA_TOTAL_RUPAS,YES
REF_018,Moon,strength_percentage,117.51,117.51,0.0,0.03,PASS,MUT_SHADBALA_STRENGTH_PERCENTAGE,YES
REF_018,Mars,sthana,245.67,245.67,0.0,0.03,PASS,MUT_SHADBALA_STHANA,YES
REF_018,Mars,uccha,50.67,50.67,0.0,0.03,PASS,MUT_SHADBALA_UCCHA,YES
REF_018,Mars,sapta_vargaja,120.0,120.0,0.0,0.03,PASS,MUT_SHADBALA_SAPTA_VARGAJA,YES
REF_018,Mars,ojha_yugma,0.0,0.0,0.0,0.03,PASS,MUT_SHADBALA_OJHA_YUGMA,YES
REF_018,Mars,kendradi,60.0,60.0,0.0,0.03,PASS,MUT_SHADBALA_KENDRADI,YES
REF_018,Mars,drekkana,15.0,15.0,0.0,0.03,PASS,MUT_SHADBALA_DREKKANA,YES
REF_018,Mars,dig,60.0,60.0,0.0,0.03,PASS,MUT_SHADBALA_DIG,YES
REF_018,Mars,kala,33.2,33.2,0.0,0.03,PASS,MUT_SHADBALA_KALA,YES
REF_018,Mars,cheshta,45.0,45.0,0.0,0.03,PASS,MUT_SHADBALA_CHESHTA,YES
REF_018,Mars,naisargika,17.14,17.14,0.0,0.03,PASS,MUT_SHADBALA_NAISARGIKA,YES
REF_018,Mars,drik,22.5,22.5,0.0,0.03,PASS,MUT_SHADBALA_DRIK,YES
REF_018,Mars,total_shashtiamsas,423.51,423.51,0.0,0.03,PASS,MUT_SHADBALA_TOTAL_SHASHTIAMSAS,YES
REF_018,Mars,total_rupas,7.06,7.06,0.0,0.03,PASS,MUT_SHADBALA_TOTAL_RUPAS,YES
REF_018,Mars,strength_percentage,141.17,141.17,0.0,0.03,PASS,MUT_SHADBALA_STRENGTH_PERCENTAGE,YES
REF_018,Mercury,sthana,207.5,207.5,0.0,0.03,PASS,MUT_SHADBALA_STHANA,YES
REF_018,Mercury,uccha,5.0,5.0,0.0,0.03,PASS,MUT_SHADBALA_UCCHA,YES
REF_018,Mercury,sapta_vargaja,112.5,112.5,0.0,0.03,PASS,MUT_SHADBALA_SAPTA_VARGAJA,YES
REF_018,Mercury,ojha_yugma,30.0,30.0,0.0,0.03,PASS,MUT_SHADBALA_OJHA_YUGMA,YES
REF_018,Mercury,kendradi,60.0,60.0,0.0,0.03,PASS,MUT_SHADBALA_KENDRADI,YES
REF_018,Mercury,drekkana,0.0,0.0,0.0,0.03,PASS,MUT_SHADBALA_DREKKANA,YES
REF_018,Mercury,dig,60.0,60.0,0.0,0.03,PASS,MUT_SHADBALA_DIG,YES
REF_018,Mercury,kala,131.85,131.85,0.0,0.03,PASS,MUT_SHADBALA_KALA,YES
REF_018,Mercury,cheshta,15.0,15.0,0.0,0.03,PASS,MUT_SHADBALA_CHESHTA,YES
REF_018,Mercury,naisargika,25.7,25.7,0.0,0.03,PASS,MUT_SHADBALA_NAISARGIKA,YES
REF_018,Mercury,drik,-11.25,-11.25,0.0,0.03,PASS,MUT_SHADBALA_DRIK,YES
REF_018,Mercury,total_shashtiamsas,428.8,428.8,0.0,0.03,PASS,MUT_SHADBALA_TOTAL_SHASHTIAMSAS,YES
REF_018,Mercury,total_rupas,7.15,7.15,0.0,0.03,PASS,MUT_SHADBALA_TOTAL_RUPAS,YES
REF_018,Mercury,strength_percentage,102.1,102.1,0.0,0.03,PASS,MUT_SHADBALA_STRENGTH_PERCENTAGE,YES
REF_018,Jupiter,sthana,290.83,290.83,0.0,0.03,PASS,MUT_SHADBALA_STHANA,YES
REF_018,Jupiter,uccha,28.33,28.33,0.0,0.03,PASS,MUT_SHADBALA_UCCHA,YES
REF_018,Jupiter,sapta_vargaja,157.5,157.5,0.0,0.03,PASS,MUT_SHADBALA_SAPTA_VARGAJA,YES
REF_018,Jupiter,ojha_yugma,30.0,30.0,0.0,0.03,PASS,MUT_SHADBALA_OJHA_YUGMA,YES
REF_018,Jupiter,kendradi,60.0,60.0,0.0,0.03,PASS,MUT_SHADBALA_KENDRADI,YES
REF_018,Jupiter,drekkana,15.0,15.0,0.0,0.03,PASS,MUT_SHADBALA_DREKKANA,YES
REF_018,Jupiter,dig,60.0,60.0,0.0,0.03,PASS,MUT_SHADBALA_DIG,YES
REF_018,Jupiter,kala,191.85,191.85,0.0,0.03,PASS,MUT_SHADBALA_KALA,YES
REF_018,Jupiter,cheshta,45.0,45.0,0.0,0.03,PASS,MUT_SHADBALA_CHESHTA,YES
REF_018,Jupiter,naisargika,34.28,34.28,0.0,0.03,PASS,MUT_SHADBALA_NAISARGIKA,YES
REF_018,Jupiter,drik,-11.25,-11.25,0.0,0.03,PASS,MUT_SHADBALA_DRIK,YES
REF_018,Jupiter,total_shashtiamsas,610.71,610.71,0.0,0.03,PASS,MUT_SHADBALA_TOTAL_SHASHTIAMSAS,YES
REF_018,Jupiter,total_rupas,10.18,10.18,0.0,0.03,PASS,MUT_SHADBALA_TOTAL_RUPAS,YES
REF_018,Jupiter,strength_percentage,156.59,156.59,0.0,0.03,PASS,MUT_SHADBALA_STRENGTH_PERCENTAGE,YES
REF_018,Venus,sthana,233.5,233.5,0.0,0.03,PASS,MUT_SHADBALA_STHANA,YES
REF_018,Venus,uccha,1.0,1.0,0.0,0.03,PASS,MUT_SHADBALA_UCCHA,YES
REF_018,Venus,sapta_vargaja,172.5,172.5,0.0,0.03,PASS,MUT_SHADBALA_SAPTA_VARGAJA,YES
REF_018,Venus,ojha_yugma,0.0,0.0,0.0,0.03,PASS,MUT_SHADBALA_OJHA_YUGMA,YES
REF_018,Venus,kendradi,60.0,60.0,0.0,0.03,PASS,MUT_SHADBALA_KENDRADI,YES
REF_018,Venus,drekkana,0.0,0.0,0.0,0.03,PASS,MUT_SHADBALA_DREKKANA,YES
REF_018,Venus,dig,30.0,30.0,0.0,0.03,PASS,MUT_SHADBALA_DIG,YES
REF_018,Venus,kala,108.15,108.15,0.0,0.03,PASS,MUT_SHADBALA_KALA,YES
REF_018,Venus,cheshta,15.0,15.0,0.0,0.03,PASS,MUT_SHADBALA_CHESHTA,YES
REF_018,Venus,naisargika,42.85,42.85,0.0,0.03,PASS,MUT_SHADBALA_NAISARGIKA,YES
REF_018,Venus,drik,22.5,22.5,0.0,0.03,PASS,MUT_SHADBALA_DRIK,YES
REF_018,Venus,total_shashtiamsas,452.0,452.0,0.0,0.03,PASS,MUT_SHADBALA_TOTAL_SHASHTIAMSAS,YES
REF_018,Venus,total_rupas,7.53,7.53,0.0,0.03,PASS,MUT_SHADBALA_TOTAL_RUPAS,YES
REF_018,Venus,strength_percentage,136.97,136.97,0.0,0.03,PASS,MUT_SHADBALA_STRENGTH_PERCENTAGE,YES
REF_018,Saturn,sthana,195.83,195.83,0.0,0.03,PASS,MUT_SHADBALA_STHANA,YES
REF_018,Saturn,uccha,53.33,53.33,0.0,0.03,PASS,MUT_SHADBALA_UCCHA,YES
REF_018,Saturn,sapta_vargaja,52.5,52.5,0.0,0.03,PASS,MUT_SHADBALA_SAPTA_VARGAJA,YES
REF_018,Saturn,ojha_yugma,30.0,30.0,0.0,0.03,PASS,MUT_SHADBALA_OJHA_YUGMA,YES
REF_018,Saturn,kendradi,60.0,60.0,0.0,0.03,PASS,MUT_SHADBALA_KENDRADI,YES
REF_018,Saturn,drekkana,0.0,0.0,0.0,0.03,PASS,MUT_SHADBALA_DREKKANA,YES
REF_018,Saturn,dig,60.0,60.0,0.0,0.03,PASS,MUT_SHADBALA_DIG,YES
REF_018,Saturn,kala,116.85,116.85,0.0,0.03,PASS,MUT_SHADBALA_KALA,YES
REF_018,Saturn,cheshta,45.0,45.0,0.0,0.03,PASS,MUT_SHADBALA_CHESHTA,YES
REF_018,Saturn,naisargika,8.57,8.57,0.0,0.03,PASS,MUT_SHADBALA_NAISARGIKA,YES
REF_018,Saturn,drik,22.5,22.5,0.0,0.03,PASS,MUT_SHADBALA_DRIK,YES
REF_018,Saturn,total_shashtiamsas,448.75,448.75,0.0,0.03,PASS,MUT_SHADBALA_TOTAL_SHASHTIAMSAS,YES
REF_018,Saturn,total_rupas,7.48,7.48,0.0,0.03,PASS,MUT_SHADBALA_TOTAL_RUPAS,YES
REF_018,Saturn,strength_percentage,149.58,149.58,0.0,0.03,PASS,MUT_SHADBALA_STRENGTH_PERCENTAGE,YES
REF_019,Sun,sthana,155.21,155.21,0.0,0.03,PASS,MUT_SHADBALA_STHANA,YES
REF_019,Sun,uccha,33.33,33.33,0.0,0.03,PASS,MUT_SHADBALA_UCCHA,YES
REF_019,Sun,sapta_vargaja,46.88,46.88,0.0,0.03,PASS,MUT_SHADBALA_SAPTA_VARGAJA,YES
REF_019,Sun,ojha_yugma,0.0,0.0,0.0,0.03,PASS,MUT_SHADBALA_OJHA_YUGMA,YES
REF_019,Sun,kendradi,60.0,60.0,0.0,0.03,PASS,MUT_SHADBALA_KENDRADI,YES
REF_019,Sun,drekkana,15.0,15.0,0.0,0.03,PASS,MUT_SHADBALA_DREKKANA,YES
REF_019,Sun,dig,0.0,0.0,0.0,0.03,PASS,MUT_SHADBALA_DIG,YES
REF_019,Sun,kala,71.8,71.8,0.0,0.03,PASS,MUT_SHADBALA_KALA,YES
REF_019,Sun,cheshta,56.8,56.8,0.0,0.03,PASS,MUT_SHADBALA_CHESHTA,YES
REF_019,Sun,naisargika,60.0,60.0,0.0,0.03,PASS,MUT_SHADBALA_NAISARGIKA,YES
REF_019,Sun,drik,30.0,30.0,0.0,0.03,PASS,MUT_SHADBALA_DRIK,YES
REF_019,Sun,total_shashtiamsas,373.81,373.81,0.0,0.03,PASS,MUT_SHADBALA_TOTAL_SHASHTIAMSAS,YES
REF_019,Sun,total_rupas,6.23,6.23,0.0,0.03,PASS,MUT_SHADBALA_TOTAL_RUPAS,YES
REF_019,Sun,strength_percentage,124.6,124.6,0.0,0.03,PASS,MUT_SHADBALA_STRENGTH_PERCENTAGE,YES
REF_019,Moon,sthana,232.75,232.75,0.0,0.03,PASS,MUT_SHADBALA_STHANA,YES
REF_019,Moon,uccha,19.0,19.0,0.0,0.03,PASS,MUT_SHADBALA_UCCHA,YES
REF_019,Moon,sapta_vargaja,123.75,123.75,0.0,0.03,PASS,MUT_SHADBALA_SAPTA_VARGAJA,YES
REF_019,Moon,ojha_yugma,30.0,30.0,0.0,0.03,PASS,MUT_SHADBALA_OJHA_YUGMA,YES
REF_019,Moon,kendradi,60.0,60.0,0.0,0.03,PASS,MUT_SHADBALA_KENDRADI,YES
REF_019,Moon,drekkana,0.0,0.0,0.0,0.03,PASS,MUT_SHADBALA_DREKKANA,YES
REF_019,Moon,dig,0.0,0.0,0.0,0.03,PASS,MUT_SHADBALA_DIG,YES
REF_019,Moon,kala,266.8,266.8,0.0,0.03,PASS,MUT_SHADBALA_KALA,YES
REF_019,Moon,cheshta,60.0,60.0,0.0,0.03,PASS,MUT_SHADBALA_CHESHTA,YES
REF_019,Moon,naisargika,51.43,51.43,0.0,0.03,PASS,MUT_SHADBALA_NAISARGIKA,YES
REF_019,Moon,drik,-22.5,-22.5,0.0,0.03,PASS,MUT_SHADBALA_DRIK,YES
REF_019,Moon,total_shashtiamsas,588.48,588.48,0.0,0.03,PASS,MUT_SHADBALA_TOTAL_SHASHTIAMSAS,YES
REF_019,Moon,total_rupas,9.81,9.81,0.0,0.03,PASS,MUT_SHADBALA_TOTAL_RUPAS,YES
REF_019,Moon,strength_percentage,163.47,163.47,0.0,0.03,PASS,MUT_SHADBALA_STRENGTH_PERCENTAGE,YES
REF_019,Mars,sthana,140.58,140.58,0.0,0.03,PASS,MUT_SHADBALA_STHANA,YES
REF_019,Mars,uccha,9.33,9.33,0.0,0.03,PASS,MUT_SHADBALA_UCCHA,YES
REF_019,Mars,sapta_vargaja,56.25,56.25,0.0,0.03,PASS,MUT_SHADBALA_SAPTA_VARGAJA,YES
REF_019,Mars,ojha_yugma,0.0,0.0,0.0,0.03,PASS,MUT_SHADBALA_OJHA_YUGMA,YES
REF_019,Mars,kendradi,60.0,60.0,0.0,0.03,PASS,MUT_SHADBALA_KENDRADI,YES
REF_019,Mars,drekkana,15.0,15.0,0.0,0.03,PASS,MUT_SHADBALA_DREKKANA,YES
REF_019,Mars,dig,0.0,0.0,0.0,0.03,PASS,MUT_SHADBALA_DIG,YES
REF_019,Mars,kala,176.8,176.8,0.0,0.03,PASS,MUT_SHADBALA_KALA,YES
REF_019,Mars,cheshta,45.0,45.0,0.0,0.03,PASS,MUT_SHADBALA_CHESHTA,YES
REF_019,Mars,naisargika,17.14,17.14,0.0,0.03,PASS,MUT_SHADBALA_NAISARGIKA,YES
REF_019,Mars,drik,30.0,30.0,0.0,0.03,PASS,MUT_SHADBALA_DRIK,YES
REF_019,Mars,total_shashtiamsas,409.52,409.52,0.0,0.03,PASS,MUT_SHADBALA_TOTAL_SHASHTIAMSAS,YES
REF_019,Mars,total_rupas,6.83,6.83,0.0,0.03,PASS,MUT_SHADBALA_TOTAL_RUPAS,YES
REF_019,Mars,strength_percentage,136.51,136.51,0.0,0.03,PASS,MUT_SHADBALA_STRENGTH_PERCENTAGE,YES
REF_019,Mercury,sthana,295.0,295.0,0.0,0.03,PASS,MUT_SHADBALA_STHANA,YES
REF_019,Mercury,uccha,55.0,55.0,0.0,0.03,PASS,MUT_SHADBALA_UCCHA,YES
REF_019,Mercury,sapta_vargaja,150.0,150.0,0.0,0.03,PASS,MUT_SHADBALA_SAPTA_VARGAJA,YES
REF_019,Mercury,ojha_yugma,30.0,30.0,0.0,0.03,PASS,MUT_SHADBALA_OJHA_YUGMA,YES
REF_019,Mercury,kendradi,60.0,60.0,0.0,0.03,PASS,MUT_SHADBALA_KENDRADI,YES
REF_019,Mercury,drekkana,0.0,0.0,0.0,0.03,PASS,MUT_SHADBALA_DREKKANA,YES
REF_019,Mercury,dig,0.0,0.0,0.0,0.03,PASS,MUT_SHADBALA_DIG,YES
REF_019,Mercury,kala,138.15,138.15,0.0,0.03,PASS,MUT_SHADBALA_KALA,YES
REF_019,Mercury,cheshta,15.0,15.0,0.0,0.03,PASS,MUT_SHADBALA_CHESHTA,YES
REF_019,Mercury,naisargika,25.7,25.7,0.0,0.03,PASS,MUT_SHADBALA_NAISARGIKA,YES
REF_019,Mercury,drik,-33.75,-33.75,0.0,0.03,PASS,MUT_SHADBALA_DRIK,YES
REF_019,Mercury,total_shashtiamsas,440.1,440.1,0.0,0.03,PASS,MUT_SHADBALA_TOTAL_SHASHTIAMSAS,YES
REF_019,Mercury,total_rupas,7.33,7.33,0.0,0.03,PASS,MUT_SHADBALA_TOTAL_RUPAS,YES
REF_019,Mercury,strength_percentage,104.79,104.79,0.0,0.03,PASS,MUT_SHADBALA_STRENGTH_PERCENTAGE,YES
REF_019,Jupiter,sthana,219.17,219.17,0.0,0.03,PASS,MUT_SHADBALA_STHANA,YES
REF_019,Jupiter,uccha,31.67,31.67,0.0,0.03,PASS,MUT_SHADBALA_UCCHA,YES
REF_019,Jupiter,sapta_vargaja,82.5,82.5,0.0,0.03,PASS,MUT_SHADBALA_SAPTA_VARGAJA,YES
REF_019,Jupiter,ojha_yugma,30.0,30.0,0.0,0.03,PASS,MUT_SHADBALA_OJHA_YUGMA,YES
REF_019,Jupiter,kendradi,60.0,60.0,0.0,0.03,PASS,MUT_SHADBALA_KENDRADI,YES
REF_019,Jupiter,drekkana,15.0,15.0,0.0,0.03,PASS,MUT_SHADBALA_DREKKANA,YES
REF_019,Jupiter,dig,0.0,0.0,0.0,0.03,PASS,MUT_SHADBALA_DIG,YES
REF_019,Jupiter,kala,138.15,138.15,0.0,0.03,PASS,MUT_SHADBALA_KALA,YES
REF_019,Jupiter,cheshta,45.0,45.0,0.0,0.03,PASS,MUT_SHADBALA_CHESHTA,YES
REF_019,Jupiter,naisargika,34.28,34.28,0.0,0.03,PASS,MUT_SHADBALA_NAISARGIKA,YES
REF_019,Jupiter,drik,-33.75,-33.75,0.0,0.03,PASS,MUT_SHADBALA_DRIK,YES
REF_019,Jupiter,total_shashtiamsas,402.85,402.85,0.0,0.03,PASS,MUT_SHADBALA_TOTAL_SHASHTIAMSAS,YES
REF_019,Jupiter,total_rupas,6.71,6.71,0.0,0.03,PASS,MUT_SHADBALA_TOTAL_RUPAS,YES
REF_019,Jupiter,strength_percentage,103.29,103.29,0.0,0.03,PASS,MUT_SHADBALA_STRENGTH_PERCENTAGE,YES
REF_019,Venus,sthana,244.75,244.75,0.0,0.03,PASS,MUT_SHADBALA_STHANA,YES
REF_019,Venus,uccha,31.0,31.0,0.0,0.03,PASS,MUT_SHADBALA_UCCHA,YES
REF_019,Venus,sapta_vargaja,123.75,123.75,0.0,0.03,PASS,MUT_SHADBALA_SAPTA_VARGAJA,YES
REF_019,Venus,ojha_yugma,30.0,30.0,0.0,0.03,PASS,MUT_SHADBALA_OJHA_YUGMA,YES
REF_019,Venus,kendradi,60.0,60.0,0.0,0.03,PASS,MUT_SHADBALA_KENDRADI,YES
REF_019,Venus,drekkana,0.0,0.0,0.0,0.03,PASS,MUT_SHADBALA_DREKKANA,YES
REF_019,Venus,dig,0.0,0.0,0.0,0.03,PASS,MUT_SHADBALA_DIG,YES
REF_019,Venus,kala,63.2,63.2,0.0,0.03,PASS,MUT_SHADBALA_KALA,YES
REF_019,Venus,cheshta,15.0,15.0,0.0,0.03,PASS,MUT_SHADBALA_CHESHTA,YES
REF_019,Venus,naisargika,42.85,42.85,0.0,0.03,PASS,MUT_SHADBALA_NAISARGIKA,YES
REF_019,Venus,drik,-22.5,-22.5,0.0,0.03,PASS,MUT_SHADBALA_DRIK,YES
REF_019,Venus,total_shashtiamsas,343.3,343.3,0.0,0.03,PASS,MUT_SHADBALA_TOTAL_SHASHTIAMSAS,YES
REF_019,Venus,total_rupas,5.72,5.72,0.0,0.03,PASS,MUT_SHADBALA_TOTAL_RUPAS,YES
REF_019,Venus,strength_percentage,104.03,104.03,0.0,0.03,PASS,MUT_SHADBALA_STRENGTH_PERCENTAGE,YES
REF_019,Saturn,sthana,149.17,149.17,0.0,0.03,PASS,MUT_SHADBALA_STHANA,YES
REF_019,Saturn,uccha,6.67,6.67,0.0,0.03,PASS,MUT_SHADBALA_UCCHA,YES
REF_019,Saturn,sapta_vargaja,52.5,52.5,0.0,0.03,PASS,MUT_SHADBALA_SAPTA_VARGAJA,YES
REF_019,Saturn,ojha_yugma,30.0,30.0,0.0,0.03,PASS,MUT_SHADBALA_OJHA_YUGMA,YES
REF_019,Saturn,kendradi,60.0,60.0,0.0,0.03,PASS,MUT_SHADBALA_KENDRADI,YES
REF_019,Saturn,drekkana,0.0,0.0,0.0,0.03,PASS,MUT_SHADBALA_DREKKANA,YES
REF_019,Saturn,dig,0.0,0.0,0.0,0.03,PASS,MUT_SHADBALA_DIG,YES
REF_019,Saturn,kala,123.15,123.15,0.0,0.03,PASS,MUT_SHADBALA_KALA,YES
REF_019,Saturn,cheshta,45.0,45.0,0.0,0.03,PASS,MUT_SHADBALA_CHESHTA,YES
REF_019,Saturn,naisargika,8.57,8.57,0.0,0.03,PASS,MUT_SHADBALA_NAISARGIKA,YES
REF_019,Saturn,drik,45.0,45.0,0.0,0.03,PASS,MUT_SHADBALA_DRIK,YES
REF_019,Saturn,total_shashtiamsas,370.89,370.89,0.0,0.03,PASS,MUT_SHADBALA_TOTAL_SHASHTIAMSAS,YES
REF_019,Saturn,total_rupas,6.18,6.18,0.0,0.03,PASS,MUT_SHADBALA_TOTAL_RUPAS,YES
REF_019,Saturn,strength_percentage,123.63,123.63,0.0,0.03,PASS,MUT_SHADBALA_STRENGTH_PERCENTAGE,YES
REF_020,Sun,sthana,236.67,236.67,0.0,0.03,PASS,MUT_SHADBALA_STHANA,YES
REF_020,Sun,uccha,56.67,56.67,0.0,0.03,PASS,MUT_SHADBALA_UCCHA,YES
REF_020,Sun,sapta_vargaja,75.0,75.0,0.0,0.03,PASS,MUT_SHADBALA_SAPTA_VARGAJA,YES
REF_020,Sun,ojha_yugma,30.0,30.0,0.0,0.03,PASS,MUT_SHADBALA_OJHA_YUGMA,YES
REF_020,Sun,kendradi,60.0,60.0,0.0,0.03,PASS,MUT_SHADBALA_KENDRADI,YES
REF_020,Sun,drekkana,15.0,15.0,0.0,0.03,PASS,MUT_SHADBALA_DREKKANA,YES
REF_020,Sun,dig,30.0,30.0,0.0,0.03,PASS,MUT_SHADBALA_DIG,YES
REF_020,Sun,kala,146.85,146.85,0.0,0.03,PASS,MUT_SHADBALA_KALA,YES
REF_020,Sun,cheshta,41.85,41.85,0.0,0.03,PASS,MUT_SHADBALA_CHESHTA,YES
REF_020,Sun,naisargika,60.0,60.0,0.0,0.03,PASS,MUT_SHADBALA_NAISARGIKA,YES
REF_020,Sun,drik,0.0,0.0,0.0,0.03,PASS,MUT_SHADBALA_DRIK,YES
REF_020,Sun,total_shashtiamsas,515.36,515.36,0.0,0.03,PASS,MUT_SHADBALA_TOTAL_SHASHTIAMSAS,YES
REF_020,Sun,total_rupas,8.59,8.59,0.0,0.03,PASS,MUT_SHADBALA_TOTAL_RUPAS,YES
REF_020,Sun,strength_percentage,171.79,171.79,0.0,0.03,PASS,MUT_SHADBALA_STRENGTH_PERCENTAGE,YES
REF_020,Moon,sthana,139.0,139.0,0.0,0.03,PASS,MUT_SHADBALA_STHANA,YES
REF_020,Moon,uccha,49.0,49.0,0.0,0.03,PASS,MUT_SHADBALA_UCCHA,YES
REF_020,Moon,sapta_vargaja,30.0,30.0,0.0,0.03,PASS,MUT_SHADBALA_SAPTA_VARGAJA,YES
REF_020,Moon,ojha_yugma,0.0,0.0,0.0,0.03,PASS,MUT_SHADBALA_OJHA_YUGMA,YES
REF_020,Moon,kendradi,60.0,60.0,0.0,0.03,PASS,MUT_SHADBALA_KENDRADI,YES
REF_020,Moon,drekkana,0.0,0.0,0.0,0.03,PASS,MUT_SHADBALA_DREKKANA,YES
REF_020,Moon,dig,30.0,30.0,0.0,0.03,PASS,MUT_SHADBALA_DIG,YES
REF_020,Moon,kala,138.15,138.15,0.0,0.03,PASS,MUT_SHADBALA_KALA,YES
REF_020,Moon,cheshta,0.0,0.0,0.0,0.03,PASS,MUT_SHADBALA_CHESHTA,YES
REF_020,Moon,naisargika,51.43,51.43,0.0,0.03,PASS,MUT_SHADBALA_NAISARGIKA,YES
REF_020,Moon,drik,0.0,0.0,0.0,0.03,PASS,MUT_SHADBALA_DRIK,YES
REF_020,Moon,total_shashtiamsas,358.58,358.58,0.0,0.03,PASS,MUT_SHADBALA_TOTAL_SHASHTIAMSAS,YES
REF_020,Moon,total_rupas,5.98,5.98,0.0,0.03,PASS,MUT_SHADBALA_TOTAL_RUPAS,YES
REF_020,Moon,strength_percentage,99.61,99.61,0.0,0.03,PASS,MUT_SHADBALA_STRENGTH_PERCENTAGE,YES
REF_020,Mars,sthana,331.83,331.83,0.0,0.03,PASS,MUT_SHADBALA_STHANA,YES
REF_020,Mars,uccha,39.33,39.33,0.0,0.03,PASS,MUT_SHADBALA_UCCHA,YES
REF_020,Mars,sapta_vargaja,187.5,187.5,0.0,0.03,PASS,MUT_SHADBALA_SAPTA_VARGAJA,YES
REF_020,Mars,ojha_yugma,30.0,30.0,0.0,0.03,PASS,MUT_SHADBALA_OJHA_YUGMA,YES
REF_020,Mars,kendradi,60.0,60.0,0.0,0.03,PASS,MUT_SHADBALA_KENDRADI,YES
REF_020,Mars,drekkana,15.0,15.0,0.0,0.03,PASS,MUT_SHADBALA_DREKKANA,YES
REF_020,Mars,dig,30.0,30.0,0.0,0.03,PASS,MUT_SHADBALA_DIG,YES
REF_020,Mars,kala,131.85,131.85,0.0,0.03,PASS,MUT_SHADBALA_KALA,YES
REF_020,Mars,cheshta,45.0,45.0,0.0,0.03,PASS,MUT_SHADBALA_CHESHTA,YES
REF_020,Mars,naisargika,17.14,17.14,0.0,0.03,PASS,MUT_SHADBALA_NAISARGIKA,YES
REF_020,Mars,drik,0.0,0.0,0.0,0.03,PASS,MUT_SHADBALA_DRIK,YES
REF_020,Mars,total_shashtiamsas,555.82,555.82,0.0,0.03,PASS,MUT_SHADBALA_TOTAL_SHASHTIAMSAS,YES
REF_020,Mars,total_rupas,9.26,9.26,0.0,0.03,PASS,MUT_SHADBALA_TOTAL_RUPAS,YES
REF_020,Mars,strength_percentage,185.27,185.27,0.0,0.03,PASS,MUT_SHADBALA_STRENGTH_PERCENTAGE,YES
REF_020,Mercury,sthana,125.0,125.0,0.0,0.03,PASS,MUT_SHADBALA_STHANA,YES
REF_020,Mercury,uccha,5.0,5.0,0.0,0.03,PASS,MUT_SHADBALA_UCCHA,YES
REF_020,Mercury,sapta_vargaja,30.0,30.0,0.0,0.03,PASS,MUT_SHADBALA_SAPTA_VARGAJA,YES
REF_020,Mercury,ojha_yugma,30.0,30.0,0.0,0.03,PASS,MUT_SHADBALA_OJHA_YUGMA,YES
REF_020,Mercury,kendradi,60.0,60.0,0.0,0.03,PASS,MUT_SHADBALA_KENDRADI,YES
REF_020,Mercury,drekkana,0.0,0.0,0.0,0.03,PASS,MUT_SHADBALA_DREKKANA,YES
REF_020,Mercury,dig,60.0,60.0,0.0,0.03,PASS,MUT_SHADBALA_DIG,YES
REF_020,Mercury,kala,101.85,101.85,0.0,0.03,PASS,MUT_SHADBALA_KALA,YES
REF_020,Mercury,cheshta,60.0,60.0,0.0,0.03,PASS,MUT_SHADBALA_CHESHTA,YES
REF_020,Mercury,naisargika,25.7,25.7,0.0,0.03,PASS,MUT_SHADBALA_NAISARGIKA,YES
REF_020,Mercury,drik,0.0,0.0,0.0,0.03,PASS,MUT_SHADBALA_DRIK,YES
REF_020,Mercury,total_shashtiamsas,372.55,372.55,0.0,0.03,PASS,MUT_SHADBALA_TOTAL_SHASHTIAMSAS,YES
REF_020,Mercury,total_rupas,6.21,6.21,0.0,0.03,PASS,MUT_SHADBALA_TOTAL_RUPAS,YES
REF_020,Mercury,strength_percentage,88.7,88.7,0.0,0.03,PASS,MUT_SHADBALA_STRENGTH_PERCENTAGE,YES
REF_020,Jupiter,sthana,185.83,185.83,0.0,0.03,PASS,MUT_SHADBALA_STHANA,YES
REF_020,Jupiter,uccha,28.33,28.33,0.0,0.03,PASS,MUT_SHADBALA_UCCHA,YES
REF_020,Jupiter,sapta_vargaja,52.5,52.5,0.0,0.03,PASS,MUT_SHADBALA_SAPTA_VARGAJA,YES
REF_020,Jupiter,ojha_yugma,30.0,30.0,0.0,0.03,PASS,MUT_SHADBALA_OJHA_YUGMA,YES
REF_020,Jupiter,kendradi,60.0,60.0,0.0,0.03,PASS,MUT_SHADBALA_KENDRADI,YES
REF_020,Jupiter,drekkana,15.0,15.0,0.0,0.03,PASS,MUT_SHADBALA_DREKKANA,YES
REF_020,Jupiter,dig,60.0,60.0,0.0,0.03,PASS,MUT_SHADBALA_DIG,YES
REF_020,Jupiter,kala,131.85,131.85,0.0,0.03,PASS,MUT_SHADBALA_KALA,YES
REF_020,Jupiter,cheshta,45.0,45.0,0.0,0.03,PASS,MUT_SHADBALA_CHESHTA,YES
REF_020,Jupiter,naisargika,34.28,34.28,0.0,0.03,PASS,MUT_SHADBALA_NAISARGIKA,YES
REF_020,Jupiter,drik,0.0,0.0,0.0,0.03,PASS,MUT_SHADBALA_DRIK,YES
REF_020,Jupiter,total_shashtiamsas,456.96,456.96,0.0,0.03,PASS,MUT_SHADBALA_TOTAL_SHASHTIAMSAS,YES
REF_020,Jupiter,total_rupas,7.62,7.62,0.0,0.03,PASS,MUT_SHADBALA_TOTAL_RUPAS,YES
REF_020,Jupiter,strength_percentage,117.17,117.17,0.0,0.03,PASS,MUT_SHADBALA_STRENGTH_PERCENTAGE,YES
REF_020,Venus,sthana,143.38,143.38,0.0,0.03,PASS,MUT_SHADBALA_STHANA,YES
REF_020,Venus,uccha,59.0,59.0,0.0,0.03,PASS,MUT_SHADBALA_UCCHA,YES
REF_020,Venus,sapta_vargaja,24.38,24.38,0.0,0.03,PASS,MUT_SHADBALA_SAPTA_VARGAJA,YES
REF_020,Venus,ojha_yugma,0.0,0.0,0.0,0.03,PASS,MUT_SHADBALA_OJHA_YUGMA,YES
REF_020,Venus,kendradi,60.0,60.0,0.0,0.03,PASS,MUT_SHADBALA_KENDRADI,YES
REF_020,Venus,drekkana,0.0,0.0,0.0,0.03,PASS,MUT_SHADBALA_DREKKANA,YES
REF_020,Venus,dig,30.0,30.0,0.0,0.03,PASS,MUT_SHADBALA_DIG,YES
REF_020,Venus,kala,131.85,131.85,0.0,0.03,PASS,MUT_SHADBALA_KALA,YES
REF_020,Venus,cheshta,15.0,15.0,0.0,0.03,PASS,MUT_SHADBALA_CHESHTA,YES
REF_020,Venus,naisargika,42.85,42.85,0.0,0.03,PASS,MUT_SHADBALA_NAISARGIKA,YES
REF_020,Venus,drik,0.0,0.0,0.0,0.03,PASS,MUT_SHADBALA_DRIK,YES
REF_020,Venus,total_shashtiamsas,363.08,363.08,0.0,0.03,PASS,MUT_SHADBALA_TOTAL_SHASHTIAMSAS,YES
REF_020,Venus,total_rupas,6.05,6.05,0.0,0.03,PASS,MUT_SHADBALA_TOTAL_RUPAS,YES
REF_020,Venus,strength_percentage,110.02,110.02,0.0,0.03,PASS,MUT_SHADBALA_STRENGTH_PERCENTAGE,YES
REF_020,Saturn,sthana,109.79,109.79,0.0,0.03,PASS,MUT_SHADBALA_STHANA,YES
REF_020,Saturn,uccha,6.67,6.67,0.0,0.03,PASS,MUT_SHADBALA_UCCHA,YES
REF_020,Saturn,sapta_vargaja,13.12,13.12,0.0,0.03,PASS,MUT_SHADBALA_SAPTA_VARGAJA,YES
REF_020,Saturn,ojha_yugma,30.0,30.0,0.0,0.03,PASS,MUT_SHADBALA_OJHA_YUGMA,YES
REF_020,Saturn,kendradi,60.0,60.0,0.0,0.03,PASS,MUT_SHADBALA_KENDRADI,YES
REF_020,Saturn,drekkana,0.0,0.0,0.0,0.03,PASS,MUT_SHADBALA_DREKKANA,YES
REF_020,Saturn,dig,0.0,0.0,0.0,0.03,PASS,MUT_SHADBALA_DIG,YES
REF_020,Saturn,kala,153.15,153.15,0.0,0.03,PASS,MUT_SHADBALA_KALA,YES
REF_020,Saturn,cheshta,45.0,45.0,0.0,0.03,PASS,MUT_SHADBALA_CHESHTA,YES
REF_020,Saturn,naisargika,8.57,8.57,0.0,0.03,PASS,MUT_SHADBALA_NAISARGIKA,YES
REF_020,Saturn,drik,0.0,0.0,0.0,0.03,PASS,MUT_SHADBALA_DRIK,YES
REF_020,Saturn,total_shashtiamsas,316.51,316.51,0.0,0.03,PASS,MUT_SHADBALA_TOTAL_SHASHTIAMSAS,YES
REF_020,Saturn,total_rupas,5.28,5.28,0.0,0.03,PASS,MUT_SHADBALA_TOTAL_RUPAS,YES
REF_020,Saturn,strength_percentage,105.5,105.5,0.0,0.03,PASS,MUT_SHADBALA_STRENGTH_PERCENTAGE,YES
SHADBALA_FIXTURE_009,Sun,sthana,183.31,183.31,0.0,0.03,PASS,MUT_SHADBALA_STHANA,YES
SHADBALA_FIXTURE_009,Sun,uccha,25.81,25.81,0.0,0.03,PASS,MUT_SHADBALA_UCCHA,YES
SHADBALA_FIXTURE_009,Sun,sapta_vargaja,97.5,97.5,0.0,0.03,PASS,MUT_SHADBALA_SAPTA_VARGAJA,YES
SHADBALA_FIXTURE_009,Sun,ojha_yugma,0.0,0.0,0.0,0.03,PASS,MUT_SHADBALA_OJHA_YUGMA,YES
SHADBALA_FIXTURE_009,Sun,kendradi,60.0,60.0,0.0,0.03,PASS,MUT_SHADBALA_KENDRADI,YES
SHADBALA_FIXTURE_009,Sun,drekkana,0.0,0.0,0.0,0.03,PASS,MUT_SHADBALA_DREKKANA,YES
SHADBALA_FIXTURE_009,Sun,dig,34.24,34.24,0.0,0.03,PASS,MUT_SHADBALA_DIG,YES
SHADBALA_FIXTURE_009,Sun,kala,141.01,141.01,0.0,0.03,PASS,MUT_SHADBALA_KALA,YES
SHADBALA_FIXTURE_009,Sun,cheshta,50.14,50.14,0.0,0.03,PASS,MUT_SHADBALA_CHESHTA,YES
SHADBALA_FIXTURE_009,Sun,naisargika,60.0,60.0,0.0,0.03,PASS,MUT_SHADBALA_NAISARGIKA,YES
SHADBALA_FIXTURE_009,Sun,drik,7.5,7.5,0.0,0.03,PASS,MUT_SHADBALA_DRIK,YES
SHADBALA_FIXTURE_009,Sun,total_shashtiamsas,476.2,476.2,0.0,0.03,PASS,MUT_SHADBALA_TOTAL_SHASHTIAMSAS,YES
SHADBALA_FIXTURE_009,Sun,total_rupas,7.94,7.94,0.0,0.03,PASS,MUT_SHADBALA_TOTAL_RUPAS,YES
SHADBALA_FIXTURE_009,Sun,strength_percentage,158.73,158.73,0.0,0.03,PASS,MUT_SHADBALA_STRENGTH_PERCENTAGE,YES
SHADBALA_FIXTURE_009,Moon,sthana,224.34,224.34,0.0,0.03,PASS,MUT_SHADBALA_STHANA,YES
SHADBALA_FIXTURE_009,Moon,uccha,36.84,36.84,0.0,0.03,PASS,MUT_SHADBALA_UCCHA,YES
SHADBALA_FIXTURE_009,Moon,sapta_vargaja,112.5,112.5,0.0,0.03,PASS,MUT_SHADBALA_SAPTA_VARGAJA,YES
SHADBALA_FIXTURE_009,Moon,ojha_yugma,15.0,15.0,0.0,0.03,PASS,MUT_SHADBALA_OJHA_YUGMA,YES
SHADBALA_FIXTURE_009,Moon,kendradi,60.0,60.0,0.0,0.03,PASS,MUT_SHADBALA_KENDRADI,YES
SHADBALA_FIXTURE_009,Moon,drekkana,0.0,0.0,0.0,0.03,PASS,MUT_SHADBALA_DREKKANA,YES
SHADBALA_FIXTURE_009,Moon,dig,29.13,29.13,0.0,0.03,PASS,MUT_SHADBALA_DIG,YES
SHADBALA_FIXTURE_009,Moon,kala,80.57,80.57,0.0,0.03,PASS,MUT_SHADBALA_KALA,YES
SHADBALA_FIXTURE_009,Moon,cheshta,3.37,3.37,0.0,0.03,PASS,MUT_SHADBALA_CHESHTA,YES
SHADBALA_FIXTURE_009,Moon,naisargika,51.43,51.43,0.0,0.03,PASS,MUT_SHADBALA_NAISARGIKA,YES
SHADBALA_FIXTURE_009,Moon,drik,7.5,7.5,0.0,0.03,PASS,MUT_SHADBALA_DRIK,YES
SHADBALA_FIXTURE_009,Moon,total_shashtiamsas,396.34,396.34,0.0,0.03,PASS,MUT_SHADBALA_TOTAL_SHASHTIAMSAS,YES
SHADBALA_FIXTURE_009,Moon,total_rupas,6.61,6.61,0.0,0.03,PASS,MUT_SHADBALA_TOTAL_RUPAS,YES
SHADBALA_FIXTURE_009,Moon,strength_percentage,110.09,110.09,0.0,0.03,PASS,MUT_SHADBALA_STRENGTH_PERCENTAGE,YES
SHADBALA_FIXTURE_009,Mars,sthana,123.51,123.51,0.0,0.03,PASS,MUT_SHADBALA_STHANA,YES
SHADBALA_FIXTURE_009,Mars,uccha,14.76,14.76,0.0,0.03,PASS,MUT_SHADBALA_UCCHA,YES
SHADBALA_FIXTURE_009,Mars,sapta_vargaja,78.75,78.75,0.0,0.03,PASS,MUT_SHADBALA_SAPTA_VARGAJA,YES
SHADBALA_FIXTURE_009,Mars,ojha_yugma,15.0,15.0,0.0,0.03,PASS,MUT_SHADBALA_OJHA_YUGMA,YES
SHADBALA_FIXTURE_009,Mars,kendradi,15.0,15.0,0.0,0.03,PASS,MUT_SHADBALA_KENDRADI,YES
SHADBALA_FIXTURE_009,Mars,drekkana,0.0,0.0,0.0,0.03,PASS,MUT_SHADBALA_DREKKANA,YES
SHADBALA_FIXTURE_009,Mars,dig,50.8,50.8,0.0,0.03,PASS,MUT_SHADBALA_DIG,YES
SHADBALA_FIXTURE_009,Mars,kala,109.2,109.2,0.0,0.03,PASS,MUT_SHADBALA_KALA,YES
SHADBALA_FIXTURE_009,Mars,cheshta,45.0,45.0,0.0,0.03,PASS,MUT_SHADBALA_CHESHTA,YES
SHADBALA_FIXTURE_009,Mars,naisargika,17.14,17.14,0.0,0.03,PASS,MUT_SHADBALA_NAISARGIKA,YES
SHADBALA_FIXTURE_009,Mars,drik,15.83,15.83,0.0,0.03,PASS,MUT_SHADBALA_DRIK,YES
SHADBALA_FIXTURE_009,Mars,total_shashtiamsas,361.48,361.48,0.0,0.03,PASS,MUT_SHADBALA_TOTAL_SHASHTIAMSAS,YES
SHADBALA_FIXTURE_009,Mars,total_rupas,6.02,6.02,0.0,0.03,PASS,MUT_SHADBALA_TOTAL_RUPAS,YES
SHADBALA_FIXTURE_009,Mars,strength_percentage,120.49,120.49,0.0,0.03,PASS,MUT_SHADBALA_STRENGTH_PERCENTAGE,YES
SHADBALA_FIXTURE_009,Mercury,sthana,212.83,212.83,0.0,0.03,PASS,MUT_SHADBALA_STHANA,YES
SHADBALA_FIXTURE_009,Mercury,uccha,51.58,51.58,0.0,0.03,PASS,MUT_SHADBALA_UCCHA,YES
SHADBALA_FIXTURE_009,Mercury,sapta_vargaja,101.25,101.25,0.0,0.03,PASS,MUT_SHADBALA_SAPTA_VARGAJA,YES
SHADBALA_FIXTURE_009,Mercury,ojha_yugma,15.0,15.0,0.0,0.03,PASS,MUT_SHADBALA_OJHA_YUGMA,YES
SHADBALA_FIXTURE_009,Mercury,kendradi,30.0,30.0,0.0,0.03,PASS,MUT_SHADBALA_KENDRADI,YES
SHADBALA_FIXTURE_009,Mercury,drekkana,15.0,15.0,0.0,0.03,PASS,MUT_SHADBALA_DREKKANA,YES
SHADBALA_FIXTURE_009,Mercury,dig,14.92,14.92,0.0,0.03,PASS,MUT_SHADBALA_DIG,YES
SHADBALA_FIXTURE_009,Mercury,kala,131.57,131.57,0.0,0.03,PASS,MUT_SHADBALA_KALA,YES
SHADBALA_FIXTURE_009,Mercury,cheshta,15.0,15.0,0.0,0.03,PASS,MUT_SHADBALA_CHESHTA,YES
SHADBALA_FIXTURE_009,Mercury,naisargika,25.7,25.7,0.0,0.03,PASS,MUT_SHADBALA_NAISARGIKA,YES
SHADBALA_FIXTURE_009,Mercury,drik,6.38,6.38,0.0,0.03,PASS,MUT_SHADBALA_DRIK,YES
SHADBALA_FIXTURE_009,Mercury,total_shashtiamsas,406.4,406.4,0.0,0.03,PASS,MUT_SHADBALA_TOTAL_SHASHTIAMSAS,YES
SHADBALA_FIXTURE_009,Mercury,total_rupas,6.77,6.77,0.0,0.03,PASS,MUT_SHADBALA_TOTAL_RUPAS,YES
SHADBALA_FIXTURE_009,Mercury,strength_percentage,96.76,96.76,0.0,0.03,PASS,MUT_SHADBALA_STRENGTH_PERCENTAGE,YES
SHADBALA_FIXTURE_009,Jupiter,sthana,131.89,131.89,0.0,0.03,PASS,MUT_SHADBALA_STHANA,YES
SHADBALA_FIXTURE_009,Jupiter,uccha,21.26,21.26,0.0,0.03,PASS,MUT_SHADBALA_UCCHA,YES
SHADBALA_FIXTURE_009,Jupiter,sapta_vargaja,80.62,80.62,0.0,0.03,PASS,MUT_SHADBALA_SAPTA_VARGAJA,YES
SHADBALA_FIXTURE_009,Jupiter,ojha_yugma,0.0,0.0,0.0,0.03,PASS,MUT_SHADBALA_OJHA_YUGMA,YES
SHADBALA_FIXTURE_009,Jupiter,kendradi,15.0,15.0,0.0,0.03,PASS,MUT_SHADBALA_KENDRADI,YES
SHADBALA_FIXTURE_009,Jupiter,drekkana,15.0,15.0,0.0,0.03,PASS,MUT_SHADBALA_DREKKANA,YES
SHADBALA_FIXTURE_009,Jupiter,dig,38.73,38.73,0.0,0.03,PASS,MUT_SHADBALA_DIG,YES
SHADBALA_FIXTURE_009,Jupiter,kala,144.03,144.03,0.0,0.03,PASS,MUT_SHADBALA_KALA,YES
SHADBALA_FIXTURE_009,Jupiter,cheshta,60.0,60.0,0.0,0.03,PASS,MUT_SHADBALA_CHESHTA,YES
SHADBALA_FIXTURE_009,Jupiter,naisargika,34.28,34.28,0.0,0.03,PASS,MUT_SHADBALA_NAISARGIKA,YES
SHADBALA_FIXTURE_009,Jupiter,drik,-1.82,-1.82,0.0,0.03,PASS,MUT_SHADBALA_DRIK,YES
SHADBALA_FIXTURE_009,Jupiter,total_shashtiamsas,407.11,407.11,0.0,0.03,PASS,MUT_SHADBALA_TOTAL_SHASHTIAMSAS,YES
SHADBALA_FIXTURE_009,Jupiter,total_rupas,6.79,6.79,0.0,0.03,PASS,MUT_SHADBALA_TOTAL_RUPAS,YES
SHADBALA_FIXTURE_009,Jupiter,strength_percentage,104.39,104.39,0.0,0.03,PASS,MUT_SHADBALA_STRENGTH_PERCENTAGE,YES
SHADBALA_FIXTURE_009,Venus,sthana,137.53,137.53,0.0,0.03,PASS,MUT_SHADBALA_STHANA,YES
SHADBALA_FIXTURE_009,Venus,uccha,6.28,6.28,0.0,0.03,PASS,MUT_SHADBALA_UCCHA,YES
SHADBALA_FIXTURE_009,Venus,sapta_vargaja,86.25,86.25,0.0,0.03,PASS,MUT_SHADBALA_SAPTA_VARGAJA,YES
SHADBALA_FIXTURE_009,Venus,ojha_yugma,30.0,30.0,0.0,0.03,PASS,MUT_SHADBALA_OJHA_YUGMA,YES
SHADBALA_FIXTURE_009,Venus,kendradi,15.0,15.0,0.0,0.03,PASS,MUT_SHADBALA_KENDRADI,YES
SHADBALA_FIXTURE_009,Venus,drekkana,0.0,0.0,0.0,0.03,PASS,MUT_SHADBALA_DREKKANA,YES
SHADBALA_FIXTURE_009,Venus,dig,10.56,10.56,0.0,0.03,PASS,MUT_SHADBALA_DIG,YES
SHADBALA_FIXTURE_009,Venus,kala,126.5,126.5,0.0,0.03,PASS,MUT_SHADBALA_KALA,YES
SHADBALA_FIXTURE_009,Venus,cheshta,30.0,30.0,0.0,0.03,PASS,MUT_SHADBALA_CHESHTA,YES
SHADBALA_FIXTURE_009,Venus,naisargika,42.85,42.85,0.0,0.03,PASS,MUT_SHADBALA_NAISARGIKA,YES
SHADBALA_FIXTURE_009,Venus,drik,15.96,15.96,0.0,0.03,PASS,MUT_SHADBALA_DRIK,YES
SHADBALA_FIXTURE_009,Venus,total_shashtiamsas,363.4,363.4,0.0,0.03,PASS,MUT_SHADBALA_TOTAL_SHASHTIAMSAS,YES
SHADBALA_FIXTURE_009,Venus,total_rupas,6.06,6.06,0.0,0.03,PASS,MUT_SHADBALA_TOTAL_RUPAS,YES
SHADBALA_FIXTURE_009,Venus,strength_percentage,110.12,110.12,0.0,0.03,PASS,MUT_SHADBALA_STRENGTH_PERCENTAGE,YES
SHADBALA_FIXTURE_009,Saturn,sthana,145.22,145.22,0.0,0.03,PASS,MUT_SHADBALA_STHANA,YES
SHADBALA_FIXTURE_009,Saturn,uccha,45.84,45.84,0.0,0.03,PASS,MUT_SHADBALA_UCCHA,YES
SHADBALA_FIXTURE_009,Saturn,sapta_vargaja,84.38,84.38,0.0,0.03,PASS,MUT_SHADBALA_SAPTA_VARGAJA,YES
SHADBALA_FIXTURE_009,Saturn,ojha_yugma,0.0,0.0,0.0,0.03,PASS,MUT_SHADBALA_OJHA_YUGMA,YES
SHADBALA_FIXTURE_009,Saturn,kendradi,15.0,15.0,0.0,0.03,PASS,MUT_SHADBALA_KENDRADI,YES
SHADBALA_FIXTURE_009,Saturn,drekkana,0.0,0.0,0.0,0.03,PASS,MUT_SHADBALA_DREKKANA,YES
SHADBALA_FIXTURE_009,Saturn,dig,39.15,39.15,0.0,0.03,PASS,MUT_SHADBALA_DIG,YES
SHADBALA_FIXTURE_009,Saturn,kala,173.18,173.18,0.0,0.03,PASS,MUT_SHADBALA_KALA,YES
SHADBALA_FIXTURE_009,Saturn,cheshta,45.0,45.0,0.0,0.03,PASS,MUT_SHADBALA_CHESHTA,YES
SHADBALA_FIXTURE_009,Saturn,naisargika,8.57,8.57,0.0,0.03,PASS,MUT_SHADBALA_NAISARGIKA,YES
SHADBALA_FIXTURE_009,Saturn,drik,15.64,15.64,0.0,0.03,PASS,MUT_SHADBALA_DRIK,YES
SHADBALA_FIXTURE_009,Saturn,total_shashtiamsas,426.75,426.75,0.0,0.03,PASS,MUT_SHADBALA_TOTAL_SHASHTIAMSAS,YES
SHADBALA_FIXTURE_009,Saturn,total_rupas,7.11,7.11,0.0,0.03,PASS,MUT_SHADBALA_TOTAL_RUPAS,YES
SHADBALA_FIXTURE_009,Saturn,strength_percentage,142.25,142.25,0.0,0.03,PASS,MUT_SHADBALA_STRENGTH_PERCENTAGE,YES
SHADBALA_FIXTURE_010,Sun,sthana,153.74,153.74,0.0,0.03,PASS,MUT_SHADBALA_STHANA,YES
SHADBALA_FIXTURE_010,Sun,uccha,3.74,3.74,0.0,0.03,PASS,MUT_SHADBALA_UCCHA,YES
SHADBALA_FIXTURE_010,Sun,sapta_vargaja,120.0,120.0,0.0,0.03,PASS,MUT_SHADBALA_SAPTA_VARGAJA,YES
SHADBALA_FIXTURE_010,Sun,ojha_yugma,0.0,0.0,0.0,0.03,PASS,MUT_SHADBALA_OJHA_YUGMA,YES
SHADBALA_FIXTURE_010,Sun,kendradi,30.0,30.0,0.0,0.03,PASS,MUT_SHADBALA_KENDRADI,YES
SHADBALA_FIXTURE_010,Sun,drekkana,0.0,0.0,0.0,0.03,PASS,MUT_SHADBALA_DREKKANA,YES
SHADBALA_FIXTURE_010,Sun,dig,24.5,24.5,0.0,0.03,PASS,MUT_SHADBALA_DIG,YES
SHADBALA_FIXTURE_010,Sun,kala,99.81,99.81,0.0,0.03,PASS,MUT_SHADBALA_KALA,YES
SHADBALA_FIXTURE_010,Sun,cheshta,18.59,18.59,0.0,0.03,PASS,MUT_SHADBALA_CHESHTA,YES
SHADBALA_FIXTURE_010,Sun,naisargika,60.0,60.0,0.0,0.03,PASS,MUT_SHADBALA_NAISARGIKA,YES
SHADBALA_FIXTURE_010,Sun,drik,-14.51,-14.51,0.0,0.03,PASS,MUT_SHADBALA_DRIK,YES
SHADBALA_FIXTURE_010,Sun,total_shashtiamsas,342.13,342.13,0.0,0.03,PASS,MUT_SHADBALA_TOTAL_SHASHTIAMSAS,YES
SHADBALA_FIXTURE_010,Sun,total_rupas,5.7,5.7,0.0,0.03,PASS,MUT_SHADBALA_TOTAL_RUPAS,YES
SHADBALA_FIXTURE_010,Sun,strength_percentage,114.04,114.04,0.0,0.03,PASS,MUT_SHADBALA_STRENGTH_PERCENTAGE,YES
SHADBALA_FIXTURE_010,Moon,sthana,164.69,164.69,0.0,0.03,PASS,MUT_SHADBALA_STHANA,YES
SHADBALA_FIXTURE_010,Moon,uccha,14.69,14.69,0.0,0.03,PASS,MUT_SHADBALA_UCCHA,YES
SHADBALA_FIXTURE_010,Moon,sapta_vargaja,105.0,105.0,0.0,0.03,PASS,MUT_SHADBALA_SAPTA_VARGAJA,YES
SHADBALA_FIXTURE_010,Moon,ojha_yugma,15.0,15.0,0.0,0.03,PASS,MUT_SHADBALA_OJHA_YUGMA,YES
SHADBALA_FIXTURE_010,Moon,kendradi,30.0,30.0,0.0,0.03,PASS,MUT_SHADBALA_KENDRADI,YES
SHADBALA_FIXTURE_010,Moon,drekkana,0.0,0.0,0.0,0.03,PASS,MUT_SHADBALA_DREKKANA,YES
SHADBALA_FIXTURE_010,Moon,dig,38.78,38.78,0.0,0.03,PASS,MUT_SHADBALA_DIG,YES
SHADBALA_FIXTURE_010,Moon,kala,135.41,135.41,0.0,0.03,PASS,MUT_SHADBALA_KALA,YES
SHADBALA_FIXTURE_010,Moon,cheshta,3.28,3.28,0.0,0.03,PASS,MUT_SHADBALA_CHESHTA,YES
SHADBALA_FIXTURE_010,Moon,naisargika,51.43,51.43,0.0,0.03,PASS,MUT_SHADBALA_NAISARGIKA,YES
SHADBALA_FIXTURE_010,Moon,drik,-4.79,-4.79,0.0,0.03,PASS,MUT_SHADBALA_DRIK,YES
SHADBALA_FIXTURE_010,Moon,total_shashtiamsas,388.81,388.81,0.0,0.03,PASS,MUT_SHADBALA_TOTAL_SHASHTIAMSAS,YES
SHADBALA_FIXTURE_010,Moon,total_rupas,6.48,6.48,0.0,0.03,PASS,MUT_SHADBALA_TOTAL_RUPAS,YES
SHADBALA_FIXTURE_010,Moon,strength_percentage,108.0,108.0,0.0,0.03,PASS,MUT_SHADBALA_STRENGTH_PERCENTAGE,YES
SHADBALA_FIXTURE_010,Mars,sthana,228.18,228.18,0.0,0.03,PASS,MUT_SHADBALA_STHANA,YES
SHADBALA_FIXTURE_010,Mars,uccha,40.68,40.68,0.0,0.03,PASS,MUT_SHADBALA_UCCHA,YES
SHADBALA_FIXTURE_010,Mars,sapta_vargaja,142.5,142.5,0.0,0.03,PASS,MUT_SHADBALA_SAPTA_VARGAJA,YES
SHADBALA_FIXTURE_010,Mars,ojha_yugma,15.0,15.0,0.0,0.03,PASS,MUT_SHADBALA_OJHA_YUGMA,YES
SHADBALA_FIXTURE_010,Mars,kendradi,30.0,30.0,0.0,0.03,PASS,MUT_SHADBALA_KENDRADI,YES
SHADBALA_FIXTURE_010,Mars,drekkana,0.0,0.0,0.0,0.03,PASS,MUT_SHADBALA_DREKKANA,YES
SHADBALA_FIXTURE_010,Mars,dig,36.43,36.43,0.0,0.03,PASS,MUT_SHADBALA_DIG,YES
SHADBALA_FIXTURE_010,Mars,kala,132.29,132.29,0.0,0.03,PASS,MUT_SHADBALA_KALA,YES
SHADBALA_FIXTURE_010,Mars,cheshta,60.0,60.0,0.0,0.03,PASS,MUT_SHADBALA_CHESHTA,YES
SHADBALA_FIXTURE_010,Mars,naisargika,17.14,17.14,0.0,0.03,PASS,MUT_SHADBALA_NAISARGIKA,YES
SHADBALA_FIXTURE_010,Mars,drik,11.46,11.46,0.0,0.03,PASS,MUT_SHADBALA_DRIK,YES
SHADBALA_FIXTURE_010,Mars,total_shashtiamsas,485.5,485.5,0.0,0.03,PASS,MUT_SHADBALA_TOTAL_SHASHTIAMSAS,YES
SHADBALA_FIXTURE_010,Mars,total_rupas,8.09,8.09,0.0,0.03,PASS,MUT_SHADBALA_TOTAL_RUPAS,YES
SHADBALA_FIXTURE_010,Mars,strength_percentage,161.83,161.83,0.0,0.03,PASS,MUT_SHADBALA_STRENGTH_PERCENTAGE,YES
SHADBALA_FIXTURE_010,Mercury,sthana,188.1,188.1,0.0,0.03,PASS,MUT_SHADBALA_STHANA,YES
SHADBALA_FIXTURE_010,Mercury,uccha,49.35,49.35,0.0,0.03,PASS,MUT_SHADBALA_UCCHA,YES
SHADBALA_FIXTURE_010,Mercury,sapta_vargaja,93.75,93.75,0.0,0.03,PASS,MUT_SHADBALA_SAPTA_VARGAJA,YES
SHADBALA_FIXTURE_010,Mercury,ojha_yugma,15.0,15.0,0.0,0.03,PASS,MUT_SHADBALA_OJHA_YUGMA,YES
SHADBALA_FIXTURE_010,Mercury,kendradi,15.0,15.0,0.0,0.03,PASS,MUT_SHADBALA_KENDRADI,YES
SHADBALA_FIXTURE_010,Mercury,drekkana,15.0,15.0,0.0,0.03,PASS,MUT_SHADBALA_DREKKANA,YES
SHADBALA_FIXTURE_010,Mercury,dig,5.68,5.68,0.0,0.03,PASS,MUT_SHADBALA_DIG,YES
SHADBALA_FIXTURE_010,Mercury,kala,89.02,89.02,0.0,0.03,PASS,MUT_SHADBALA_KALA,YES
SHADBALA_FIXTURE_010,Mercury,cheshta,60.0,60.0,0.0,0.03,PASS,MUT_SHADBALA_CHESHTA,YES
SHADBALA_FIXTURE_010,Mercury,naisargika,25.7,25.7,0.0,0.03,PASS,MUT_SHADBALA_NAISARGIKA,YES
SHADBALA_FIXTURE_010,Mercury,drik,-21.21,-21.21,0.0,0.03,PASS,MUT_SHADBALA_DRIK,YES
SHADBALA_FIXTURE_010,Mercury,total_shashtiamsas,347.28,347.28,0.0,0.03,PASS,MUT_SHADBALA_TOTAL_SHASHTIAMSAS,YES
SHADBALA_FIXTURE_010,Mercury,total_rupas,5.79,5.79,0.0,0.03,PASS,MUT_SHADBALA_TOTAL_RUPAS,YES
SHADBALA_FIXTURE_010,Mercury,strength_percentage,82.69,82.69,0.0,0.03,PASS,MUT_SHADBALA_STRENGTH_PERCENTAGE,YES
SHADBALA_FIXTURE_010,Jupiter,sthana,162.81,162.81,0.0,0.03,PASS,MUT_SHADBALA_STHANA,YES
SHADBALA_FIXTURE_010,Jupiter,uccha,3.44,3.44,0.0,0.03,PASS,MUT_SHADBALA_UCCHA,YES
SHADBALA_FIXTURE_010,Jupiter,sapta_vargaja,114.38,114.38,0.0,0.03,PASS,MUT_SHADBALA_SAPTA_VARGAJA,YES
SHADBALA_FIXTURE_010,Jupiter,ojha_yugma,15.0,15.0,0.0,0.03,PASS,MUT_SHADBALA_OJHA_YUGMA,YES
SHADBALA_FIXTURE_010,Jupiter,kendradi,30.0,30.0,0.0,0.03,PASS,MUT_SHADBALA_KENDRADI,YES
SHADBALA_FIXTURE_010,Jupiter,drekkana,0.0,0.0,0.0,0.03,PASS,MUT_SHADBALA_DREKKANA,YES
SHADBALA_FIXTURE_010,Jupiter,dig,16.9,16.9,0.0,0.03,PASS,MUT_SHADBALA_DIG,YES
SHADBALA_FIXTURE_010,Jupiter,kala,120.06,120.06,0.0,0.03,PASS,MUT_SHADBALA_KALA,YES
SHADBALA_FIXTURE_010,Jupiter,cheshta,45.0,45.0,0.0,0.03,PASS,MUT_SHADBALA_CHESHTA,YES
SHADBALA_FIXTURE_010,Jupiter,naisargika,34.28,34.28,0.0,0.03,PASS,MUT_SHADBALA_NAISARGIKA,YES
SHADBALA_FIXTURE_010,Jupiter,drik,0.63,0.63,0.0,0.03,PASS,MUT_SHADBALA_DRIK,YES
SHADBALA_FIXTURE_010,Jupiter,total_shashtiamsas,379.68,379.68,0.0,0.03,PASS,MUT_SHADBALA_TOTAL_SHASHTIAMSAS,YES
SHADBALA_FIXTURE_010,Jupiter,total_rupas,6.33,6.33,0.0,0.03,PASS,MUT_SHADBALA_TOTAL_RUPAS,YES
SHADBALA_FIXTURE_010,Jupiter,strength_percentage,97.35,97.35,0.0,0.03,PASS,MUT_SHADBALA_STRENGTH_PERCENTAGE,YES
SHADBALA_FIXTURE_010,Venus,sthana,165.68,165.68,0.0,0.03,PASS,MUT_SHADBALA_STHANA,YES
SHADBALA_FIXTURE_010,Venus,uccha,11.93,11.93,0.0,0.03,PASS,MUT_SHADBALA_UCCHA,YES
SHADBALA_FIXTURE_010,Venus,sapta_vargaja,78.75,78.75,0.0,0.03,PASS,MUT_SHADBALA_SAPTA_VARGAJA,YES
SHADBALA_FIXTURE_010,Venus,ojha_yugma,0.0,0.0,0.0,0.03,PASS,MUT_SHADBALA_OJHA_YUGMA,YES
SHADBALA_FIXTURE_010,Venus,kendradi,60.0,60.0,0.0,0.03,PASS,MUT_SHADBALA_KENDRADI,YES
SHADBALA_FIXTURE_010,Venus,drekkana,15.0,15.0,0.0,0.03,PASS,MUT_SHADBALA_DREKKANA,YES
SHADBALA_FIXTURE_010,Venus,dig,48.02,48.02,0.0,0.03,PASS,MUT_SHADBALA_DIG,YES
SHADBALA_FIXTURE_010,Venus,kala,170.19,170.19,0.0,0.03,PASS,MUT_SHADBALA_KALA,YES
SHADBALA_FIXTURE_010,Venus,cheshta,30.0,30.0,0.0,0.03,PASS,MUT_SHADBALA_CHESHTA,YES
SHADBALA_FIXTURE_010,Venus,naisargika,42.85,42.85,0.0,0.03,PASS,MUT_SHADBALA_NAISARGIKA,YES
SHADBALA_FIXTURE_010,Venus,drik,-0.81,-0.81,0.0,0.03,PASS,MUT_SHADBALA_DRIK,YES
SHADBALA_FIXTURE_010,Venus,total_shashtiamsas,455.93,455.93,0.0,0.03,PASS,MUT_SHADBALA_TOTAL_SHASHTIAMSAS,YES
SHADBALA_FIXTURE_010,Venus,total_rupas,7.6,7.6,0.0,0.03,PASS,MUT_SHADBALA_TOTAL_RUPAS,YES
SHADBALA_FIXTURE_010,Venus,strength_percentage,138.16,138.16,0.0,0.03,PASS,MUT_SHADBALA_STRENGTH_PERCENTAGE,YES
SHADBALA_FIXTURE_010,Saturn,sthana,182.54,182.54,0.0,0.03,PASS,MUT_SHADBALA_STHANA,YES
SHADBALA_FIXTURE_010,Saturn,uccha,36.29,36.29,0.0,0.03,PASS,MUT_SHADBALA_UCCHA,YES
SHADBALA_FIXTURE_010,Saturn,sapta_vargaja,131.25,131.25,0.0,0.03,PASS,MUT_SHADBALA_SAPTA_VARGAJA,YES
SHADBALA_FIXTURE_010,Saturn,ojha_yugma,0.0,0.0,0.0,0.03,PASS,MUT_SHADBALA_OJHA_YUGMA,YES
SHADBALA_FIXTURE_010,Saturn,kendradi,15.0,15.0,0.0,0.03,PASS,MUT_SHADBALA_KENDRADI,YES
SHADBALA_FIXTURE_010,Saturn,drekkana,0.0,0.0,0.0,0.03,PASS,MUT_SHADBALA_DREKKANA,YES
SHADBALA_FIXTURE_010,Saturn,dig,40.95,40.95,0.0,0.03,PASS,MUT_SHADBALA_DIG,YES
SHADBALA_FIXTURE_010,Saturn,kala,148.7,148.7,0.0,0.03,PASS,MUT_SHADBALA_KALA,YES
SHADBALA_FIXTURE_010,Saturn,cheshta,15.0,15.0,0.0,0.03,PASS,MUT_SHADBALA_CHESHTA,YES
SHADBALA_FIXTURE_010,Saturn,naisargika,8.57,8.57,0.0,0.03,PASS,MUT_SHADBALA_NAISARGIKA,YES
SHADBALA_FIXTURE_010,Saturn,drik,0.5,0.5,0.0,0.03,PASS,MUT_SHADBALA_DRIK,YES
SHADBALA_FIXTURE_010,Saturn,total_shashtiamsas,396.25,396.25,0.0,0.03,PASS,MUT_SHADBALA_TOTAL_SHASHTIAMSAS,YES
SHADBALA_FIXTURE_010,Saturn,total_rupas,6.6,6.6,0.0,0.03,PASS,MUT_SHADBALA_TOTAL_RUPAS,YES
SHADBALA_FIXTURE_010,Saturn,strength_percentage,132.08,132.08,0.0,0.03,PASS,MUT_SHADBALA_STRENGTH_PERCENTAGE,YES
